from_building_id,to_building_id,travel_minutes
B001,B001,0.0
B001,B002,19.2
B001,B003,22.7
B001,B004,40.0
B001,B005,36.8
B001,B006,3.0
B001,B007,38.2
B001,B008,9.8
B001,B009,4.5
B001,B010,19.6
B001,B011,40.8
B001,B012,39.7
B001,B013,28.8
B001,B014,25.5
B001,B015,38.1
B001,B016,38.7
B001,B017,29.1
B001,B018,39.0
B001,B019,3.5
B001,B020,15.6
B001,B021,437.1
B001,B022,376.6
B001,B023,397.9
B001,B024,379.7
B001,B025,430.7
B001,B026,367.9
B001,B027,358.7
B001,B028,389.6
B001,B029,434.5
B001,B030,431.5
B001,B031,508.6
B001,B032,530.0
B001,B033,533.5
B001,B034,483.4
B001,B035,461.5
B001,B036,507.3
B001,B037,496.4
B001,B038,474.8
B001,B039,453.7
B001,B040,503.4
B001,B041,368.9
B001,B042,419.4
B001,B043,372.0
B001,B044,363.5
B001,B045,424.5
B001,B046,369.7
B001,B047,362.2
B001,B048,400.8
B001,B049,420.4
B001,B050,376.3
B001,B051,1349.5
B001,B052,1476.5
B001,B053,1533.2
B001,B054,1402.1
B001,B055,1299.6
B001,B056,303.1
B001,B057,317.2
B001,B058,309.9
B001,B059,351.1
B001,B060,314.1
B002,B001,18.0
B002,B002,0.0
B002,B003,39.7
B002,B004,42.7
B002,B005,44.3
B002,B006,20.6
B002,B007,40.6
B002,B008,29.7
B002,B009,12.7
B002,B010,33.9
B002,B011,41.7
B002,B012,45.8
B002,B013,42.1
B002,B014,28.8
B002,B015,35.0
B002,B016,46.6
B002,B017,39.2
B002,B018,48.9
B002,B019,14.8
B002,B020,2.5
B002,B021,404.9
B002,B022,356.3
B002,B023,362.4
B002,B024,386.4
B002,B025,426.2
B002,B026,395.6
B002,B027,421.9
B002,B028,411.9
B002,B029,386.6
B002,B030,416.2
B002,B031,439.3
B002,B032,454.8
B002,B033,529.1
B002,B034,512.0
B002,B035,455.2
B002,B036,485.9
B002,B037,492.9
B002,B038,524.8
B002,B039,505.7
B002,B040,473.2
B002,B041,370.5
B002,B042,372.9
B002,B043,396.9
B002,B044,414.3
B002,B045,387.3
B002,B046,370.3
B002,B047,359.8
B002,B048,404.8
B002,B049,408.2
B002,B050,362.3
B002,B051,1284.7
B002,B052,1429.3
B002,B053,1305.5
B002,B054,1497.1
B002,B055,1350.0
B002,B056,306.2
B002,B057,357.2
B002,B058,306.7
B002,B059,318.8
B002,B060,310.7
B003,B001,19.4
B003,B002,34.6
B003,B003,0.0
B003,B004,53.4
B003,B005,38.5
B003,B006,17.2
B003,B007,51.9
B003,B008,12.2
B003,B009,24.5
B003,B010,5.4
B003,B011,54.2
B003,B012,59.1
B003,B013,19.9
B003,B014,39.0
B003,B015,57.4
B003,B016,47.5
B003,B017,34.3
B003,B018,45.0
B003,B019,21.5
B003,B020,33.4
B003,B021,395.9
B003,B022,400.2
B003,B023,369.9
B003,B024,431.7
B003,B025,365.4
B003,B026,433.5
B003,B027,367.8
B003,B028,427.7
B003,B029,433.3
B003,B030,444.5
B003,B031,508.4
B003,B032,513.6
B003,B033,503.5
B003,B034,503.3
B003,B035,439.4
B003,B036,479.5
B003,B037,477.1
B003,B038,516.6
B003,B039,485.1
B003,B040,463.7
B003,B041,406.1
B003,B042,375.1
B003,B043,371.3
B003,B044,399.3
B003,B045,399.2
B003,B046,383.3
B003,B047,384.3
B003,B048,390.1
B003,B049,385.2
B003,B050,398.6
B003,B051,1447.6
B003,B052,1335.4
B003,B053,1519.1
B003,B054,1511.0
B003,B055,1387.0
B003,B056,332.2
B003,B057,346.0
B003,B058,366.7
B003,B059,357.9
B003,B060,369.3
B004,B001,43.4
B004,B002,43.1
B004,B003,56.2
B004,B004,0.0
B004,B005,30.3
B004,B006,43.6
B004,B007,8.8
B004,B008,51.0
B004,B009,39.2
B004,B010,54.9
B004,B011,4.1
B004,B012,12.4
B004,B013,44.6
B004,B014,17.6
B004,B015,15.4
B004,B016,14.0
B004,B017,29.9
B004,B018,23.2
B004,B019,47.8
B004,B020,42.5
B004,B021,440.6
B004,B022,377.8
B004,B023,408.4
B004,B024,370.2
B004,B025,409.8
B004,B026,372.6
B004,B027,404.0
B004,B028,404.0
B004,B029,396.6
B004,B030,405.8
B004,B031,528.2
B004,B032,539.2
B004,B033,511.0
B004,B034,508.8
B004,B035,539.2
B004,B036,460.5
B004,B037,459.9
B004,B038,462.8
B004,B039,527.1
B004,B040,488.9
B004,B041,403.9
B004,B042,394.4
B004,B043,374.9
B004,B044,418.6
B004,B045,414.0
B004,B046,374.5
B004,B047,372.2
B004,B048,373.7
B004,B049,359.9
B004,B050,367.9
B004,B051,1543.0
B004,B052,1397.8
B004,B053,1384.4
B004,B054,1483.5
B004,B055,1430.8
B004,B056,351.1
B004,B057,340.4
B004,B058,320.3
B004,B059,317.9
B004,B060,358.8
B005,B001,38.0
B005,B002,51.4
B005,B003,38.1
B005,B004,30.9
B005,B005,0.0
B005,B006,39.8
B005,B007,19.4
B005,B008,34.5
B005,B009,40.1
B005,B010,32.2
B005,B011,25.7
B005,B012,20.2
B005,B013,24.0
B005,B014,22.8
B005,B015,41.4
B005,B016,15.5
B005,B017,7.0
B005,B018,6.5
B005,B019,36.5
B005,B020,49.1
B005,B021,443.7
B005,B022,387.6
B005,B023,436.3
B005,B024,378.5
B005,B025,448.9
B005,B026,419.9
B005,B027,418.7
B005,B028,373.0
B005,B029,439.6
B005,B030,373.1
B005,B031,470.1
B005,B032,466.8
B005,B033,533.9
B005,B034,463.2
B005,B035,530.6
B005,B036,507.8
B005,B037,446.4
B005,B038,449.1
B005,B039,459.7
B005,B040,501.3
B005,B041,417.5
B005,B042,371.7
B005,B043,426.6
B005,B044,363.5
B005,B045,428.6
B005,B046,438.0
B005,B047,414.9
B005,B048,414.9
B005,B049,424.2
B005,B050,369.3
B005,B051,1326.2
B005,B052,1301.0
B005,B053,1409.8
B005,B054,1478.6
B005,B055,1443.5
B005,B056,357.7
B005,B057,310.5
B005,B058,348.4
B005,B059,316.5
B005,B060,322.7
B006,B001,3.4
B006,B002,21.3
B006,B003,19.3
B006,B004,42.2
B006,B005,39.6
B006,B006,0.0
B006,B007,36.4
B006,B008,10.2
B006,B009,6.5
B006,B010,16.3
B006,B011,38.5
B006,B012,43.3
B006,B013,29.3
B006,B014,30.0
B006,B015,47.6
B006,B016,42.5
B006,B017,32.8
B006,B018,36.5
B006,B019,3.3
B006,B020,17.2
B006,B021,406.9
B006,B022,408.6
B006,B023,408.4
B006,B024,434.2
B006,B025,368.1
B006,B026,394.8
B006,B027,386.8
B006,B028,392.5
B006,B029,365.3
B006,B030,370.8
B006,B031,461.7
B006,B032,471.1
B006,B033,486.2
B006,B034,491.0
B006,B035,490.7
B006,B036,471.4
B006,B037,470.8
B006,B038,458.4
B006,B039,501.1
B006,B040,461.0
B006,B041,351.8
B006,B042,379.9
B006,B043,390.8
B006,B044,372.1
B006,B045,404.4
B006,B046,402.9
B006,B047,403.2
B006,B048,405.1
B006,B049,403.6
B006,B050,386.3
B006,B051,1482.0
B006,B052,1411.3
B006,B053,1380.5
B006,B054,1435.9
B006,B055,1359.1
B006,B056,337.6
B006,B057,352.3
B006,B058,361.6
B006,B059,368.7
B006,B060,341.1
B007,B001,37.1
B007,B002,41.3
B007,B003,49.1
B007,B004,9.0
B007,B005,21.0
B007,B006,37.0
B007,B007,0.0
B007,B008,36.8
B007,B009,39.3
B007,B010,41.7
B007,B011,4.7
B007,B012,7.8
B007,B013,37.6
B007,B014,10.1
B007,B015,22.5
B007,B016,5.2
B007,B017,21.1
B007,B018,16.1
B007,B019,38.4
B007,B020,34.3
B007,B021,414.1
B007,B022,368.4
B007,B023,391.6
B007,B024,441.4
B007,B025,441.6
B007,B026,421.9
B007,B027,385.0
B007,B028,414.7
B007,B029,417.2
B007,B030,396.3
B007,B031,513.2
B007,B032,456.7
B007,B033,479.7
B007,B034,498.8
B007,B035,460.6
B007,B036,462.7
B007,B037,528.8
B007,B038,550.9
B007,B039,514.1
B007,B040,528.0
B007,B041,423.4
B007,B042,356.5
B007,B043,386.5
B007,B044,382.2
B007,B045,362.8
B007,B046,415.4
B007,B047,380.2
B007,B048,388.4
B007,B049,361.9
B007,B050,373.1
B007,B051,1531.4
B007,B052,1283.6
B007,B053,1338.8
B007,B054,1356.4
B007,B055,1409.9
B007,B056,331.9
B007,B057,325.2
B007,B058,297.9
B007,B059,312.5
B007,B060,353.1
B008,B001,10.6
B008,B002,29.1
B008,B003,12.2
B008,B004,50.0
B008,B005,30.9
B008,B006,9.2
B008,B007,40.6
B008,B008,0.0
B008,B009,14.2
B008,B010,9.1
B008,B011,42.9
B008,B012,47.4
B008,B013,19.0
B008,B014,31.6
B008,B015,53.5
B008,B016,40.8
B008,B017,29.9
B008,B018,34.7
B008,B019,12.3
B008,B020,26.7
B008,B021,372.4
B008,B022,388.5
B008,B023,433.6
B008,B024,413.3
B008,B025,373.8
B008,B026,385.0
B008,B027,373.5
B008,B028,360.4
B008,B029,433.2
B008,B030,399.6
B008,B031,464.7
B008,B032,499.9
B008,B033,444.8
B008,B034,459.1
B008,B035,497.3
B008,B036,492.7
B008,B037,525.8
B008,B038,497.6
B008,B039,490.3
B008,B040,503.5
B008,B041,423.0
B008,B042,407.0
B008,B043,433.2
B008,B044,419.7
B008,B045,431.8
B008,B046,370.3
B008,B047,409.3
B008,B048,392.3
B008,B049,399.5
B008,B050,417.2
B008,B051,1531.8
B008,B052,1531.8
B008,B053,1339.3
B008,B054,1464.8
B008,B055,1466.7
B008,B056,328.9
B008,B057,313.4
B008,B058,307.1
B008,B059,361.6
B008,B060,342.7
B009,B001,4.8
B009,B002,13.6
B009,B003,27.4
B009,B004,41.6
B009,B005,40.9
B009,B006,5.7
B009,B007,37.2
B009,B008,15.5
B009,B009,0.0
B009,B010,25.0
B009,B011,40.5
B009,B012,39.5
B009,B013,29.9
B009,B014,24.1
B009,B015,36.5
B009,B016,40.2
B009,B017,33.5
B009,B018,40.3
B009,B019,3.8
B009,B020,12.5
B009,B021,423.2
B009,B022,356.2
B009,B023,374.2
B009,B024,407.3
B009,B025,422.8
B009,B026,353.9
B009,B027,394.2
B009,B028,407.1
B009,B029,356.9
B009,B030,390.7
B009,B031,523.2
B009,B032,508.8
B009,B033,469.0
B009,B034,516.0
B009,B035,464.9
B009,B036,515.5
B009,B037,461.8
B009,B038,496.3
B009,B039,483.9
B009,B040,458.5
B009,B041,415.4
B009,B042,360.0
B009,B043,358.2
B009,B044,379.0
B009,B045,413.6
B009,B046,419.8
B009,B047,423.7
B009,B048,375.3
B009,B049,382.2
B009,B050,369.9
B009,B051,1424.6
B009,B052,1539.1
B009,B053,1458.2
B009,B054,1429.5
B009,B055,1370.1
B009,B056,362.0
B009,B057,333.7
B009,B058,308.8
B009,B059,328.5
B009,B060,309.1
B010,B001,17.7
B010,B002,33.1
B010,B003,5.5
B010,B004,55.1
B010,B005,34.5
B010,B006,17.1
B010,B007,50.0
B010,B008,9.0
B010,B009,23.3
B010,B010,0.0
B010,B011,47.0
B010,B012,53.5
B010,B013,13.0
B010,B014,36.8
B010,B015,61.8
B010,B016,45.0
B010,B017,32.0
B010,B018,39.5
B010,B019,21.1
B010,B020,33.5
B010,B021,385.9
B010,B022,384.9
B010,B023,374.9
B010,B024,435.7
B010,B025,384.7
B010,B026,405.2
B010,B027,424.0
B010,B028,423.7
B010,B029,396.7
B010,B030,404.4
B010,B031,529.4
B010,B032,505.7
B010,B033,522.7
B010,B034,517.4
B010,B035,503.7
B010,B036,448.2
B010,B037,483.9
B010,B038,445.8
B010,B039,505.9
B010,B040,520.3
B010,B041,395.7
B010,B042,387.9
B010,B043,362.7
B010,B044,437.4
B010,B045,373.4
B010,B046,367.5
B010,B047,374.4
B010,B048,365.7
B010,B049,395.0
B010,B050,409.3
B010,B051,1345.4
B010,B052,1268.7
B010,B053,1287.6
B010,B054,1364.6
B010,B055,1271.8
B010,B056,356.1
B010,B057,322.1
B010,B058,327.8
B010,B059,338.5
B010,B060,340.9
B011,B001,34.8
B011,B002,35.4
B011,B003,58.1
B011,B004,4.1
B011,B005,26.0
B011,B006,41.8
B011,B007,4.8
B011,B008,42.4
B011,B009,40.1
B011,B010,52.5
B011,B011,0.0
B011,B012,10.7
B011,B013,42.9
B011,B014,11.1
B011,B015,16.9
B011,B016,10.8
B011,B017,23.2
B011,B018,19.3
B011,B019,44.4
B011,B020,33.2
B011,B021,401.2
B011,B022,414.1
B011,B023,373.0
B011,B024,366.3
B011,B025,371.3
B011,B026,432.0
B011,B027,359.5
B011,B028,373.4
B011,B029,361.8
B011,B030,372.4
B011,B031,512.0
B011,B032,480.8
B011,B033,517.2
B011,B034,506.1
B011,B035,529.2
B011,B036,447.4
B011,B037,531.4
B011,B038,514.6
B011,B039,474.9
B011,B040,522.3
B011,B041,410.9
B011,B042,363.3
B011,B043,421.1
B011,B044,385.1
B011,B045,402.3
B011,B046,431.5
B011,B047,372.7
B011,B048,413.2
B011,B049,373.1
B011,B050,420.3
B011,B051,1445.9
B011,B052,1333.4
B011,B053,1391.3
B011,B054,1364.9
B011,B055,1294.7
B011,B056,293.9
B011,B057,313.9
B011,B058,292.1
B011,B059,305.6
B011,B060,343.3
B012,B001,44.9
B012,B002,49.0
B012,B003,52.9
B012,B004,12.8
B012,B005,19.3
B012,B006,42.7
B012,B007,7.5
B012,B008,46.7
B012,B009,40.7
B012,B010,49.6
B012,B011,12.3
B012,B012,0.0
B012,B013,37.7
B012,B014,16.2
B012,B015,30.7
B012,B016,5.0
B012,B017,18.8
B012,B018,14.0
B012,B019,49.4
B012,B020,44.9
B012,B021,418.9
B012,B022,383.5
B012,B023,369.0
B012,B024,415.0
B012,B025,388.2
B012,B026,416.3
B012,B027,430.2
B012,B028,363.9
B012,B029,411.4
B012,B030,386.4
B012,B031,538.7
B012,B032,483.2
B012,B033,522.7
B012,B034,503.8
B012,B035,485.6
B012,B036,515.6
B012,B037,520.0
B012,B038,510.7
B012,B039,536.9
B012,B040,544.5
B012,B041,381.3
B012,B042,387.2
B012,B043,354.2
B012,B044,415.7
B012,B045,399.6
B012,B046,389.9
B012,B047,355.8
B012,B048,423.4
B012,B049,382.9
B012,B050,415.1
B012,B051,1317.8
B012,B052,1543.9
B012,B053,1324.4
B012,B054,1331.3
B012,B055,1515.3
B012,B056,353.6
B012,B057,307.2
B012,B058,323.3
B012,B059,345.0
B012,B060,355.7
B013,B001,25.9
B013,B002,44.0
B013,B003,19.4
B013,B004,50.9
B013,B005,26.4
B013,B006,27.1
B013,B007,37.1
B013,B008,19.1
B013,B009,33.0
B013,B010,14.5
B013,B011,40.9
B013,B012,39.4
B013,B013,0.0
B013,B014,37.0
B013,B015,50.7
B013,B016,41.2
B013,B017,21.1
B013,B018,30.9
B013,B019,31.6
B013,B020,40.8
B013,B021,396.5
B013,B022,412.4
B013,B023,413.8
B013,B024,402.3
B013,B025,414.9
B013,B026,440.1
B013,B027,402.5
B013,B028,380.7
B013,B029,396.1
B013,B030,402.1
B013,B031,450.0
B013,B032,459.6
B013,B033,514.3
B013,B034,467.6
B013,B035,524.1
B013,B036,457.8
B013,B037,443.4
B013,B038,513.3
B013,B039,532.8
B013,B040,459.7
B013,B041,373.6
B013,B042,370.8
B013,B043,404.0
B013,B044,400.3
B013,B045,388.3
B013,B046,370.1
B013,B047,395.5
B013,B048,439.8
B013,B049,413.2
B013,B050,410.1
B013,B051,1291.5
B013,B052,1327.5
B013,B053,1341.3
B013,B054,1473.8
B013,B055,1502.3
B013,B056,369.6
B013,B057,374.6
B013,B058,373.7
B013,B059,376.5
B013,B060,316.5
B014,B001,25.0
B014,B002,27.7
B014,B003,43.4
B014,B004,14.9
B014,B005,24.6
B014,B006,30.9
B014,B007,10.6
B014,B008,29.5
B014,B009,25.2
B014,B010,35.6
B014,B011,12.6
B014,B012,18.3
B014,B013,37.0
B014,B014,0.0
B014,B015,20.1
B014,B016,13.5
B014,B017,18.4
B014,B018,19.6
B014,B019,30.9
B014,B020,25.0
B014,B021,439.1
B014,B022,366.1
B014,B023,431.5
B014,B024,369.7
B014,B025,380.4
B014,B026,425.1
B014,B027,372.1
B014,B028,390.4
B014,B029,394.3
B014,B030,382.4
B014,B031,516.1
B014,B032,537.6
B014,B033,543.3
B014,B034,476.6
B014,B035,492.9
B014,B036,467.2
B014,B037,466.5
B014,B038,464.2
B014,B039,548.9
B014,B040,528.6
B014,B041,406.3
B014,B042,384.7
B014,B043,389.1
B014,B044,392.5
B014,B045,398.4
B014,B046,389.5
B014,B047,356.3
B014,B048,361.1
B014,B049,423.7
B014,B050,396.5
B014,B051,1540.9
B014,B052,1314.2
B014,B053,1426.5
B014,B054,1329.5
B014,B055,1339.9
B014,B056,297.1
B014,B057,302.5
B014,B058,354.0
B014,B059,319.3
B014,B060,339.3
B015,B001,41.7
B015,B002,33.3
B015,B003,61.7
B015,B004,15.6
B015,B005,45.9
B015,B006,48.0
B015,B007,22.5
B015,B008,49.2
B015,B009,36.8
B015,B010,61.9
B015,B011,16.4
B015,B012,25.4
B015,B013,54.3
B015,B014,22.1
B015,B015,0.0
B015,B016,27.9
B015,B017,40.9
B015,B018,38.4
B015,B019,40.6
B015,B020,35.7
B015,B021,392.9
B015,B022,401.6
B015,B023,355.2
B015,B024,435.3
B015,B025,376.5
B015,B026,357.8
B015,B027,388.8
B015,B028,362.5
B015,B029,365.3
B015,B030,407.8
B015,B031,489.1
B015,B032,549.7
B015,B033,491.5
B015,B034,519.4
B015,B035,490.7
B015,B036,512.4
B015,B037,506.1
B015,B038,499.7
B015,B039,554.9
B015,B040,479.6
B015,B041,352.7
B015,B042,388.9
B015,B043,408.4
B015,B044,347.0
B015,B045,383.7
B015,B046,417.1
B015,B047,395.6
B015,B048,419.9
B015,B049,383.0
B015,B050,402.5
B015,B051,1363.3
B015,B052,1542.3
B015,B053,1379.8
B015,B054,1486.3
B015,B055,1388.6
B015,B056,323.8
B015,B057,333.4
B015,B058,319.2
B015,B059,349.4
B015,B060,318.7
B016,B001,39.4
B016,B002,41.3
B016,B003,49.2
B016,B004,12.7
B016,B005,14.9
B016,B006,38.0
B016,B007,6.0
B016,B008,41.4
B016,B009,40.1
B016,B010,40.5
B016,B011,10.1
B016,B012,4.6
B016,B013,39.7
B016,B014,14.9
B016,B015,25.9
B016,B016,0.0
B016,B017,16.8
B016,B018,9.2
B016,B019,39.2
B016,B020,37.5
B016,B021,390.5
B016,B022,415.0
B016,B023,437.9
B016,B024,382.4
B016,B025,407.4
B016,B026,418.6
B016,B027,438.8
B016,B028,410.9
B016,B029,383.3
B016,B030,417.9
B016,B031,481.4
B016,B032,554.5
B016,B033,499.2
B016,B034,514.9
B016,B035,446.8
B016,B036,486.0
B016,B037,532.8
B016,B038,513.0
B016,B039,502.9
B016,B040,537.6
B016,B041,415.3
B016,B042,372.5
B016,B043,396.2
B016,B044,392.0
B016,B045,408.8
B016,B046,384.3
B016,B047,367.7
B016,B048,425.5
B016,B049,424.5
B016,B050,428.3
B016,B051,1550.8
B016,B052,1480.8
B016,B053,1488.5
B016,B054,1488.9
B016,B055,1406.5
B016,B056,325.0
B016,B057,310.2
B016,B058,335.9
B016,B059,317.0
B016,B060,315.8
B017,B001,30.4
B017,B002,40.2
B017,B003,34.1
B017,B004,30.0
B017,B005,6.9
B017,B006,30.1
B017,B007,17.8
B017,B008,27.0
B017,B009,34.1
B017,B010,32.6
B017,B011,22.7
B017,B012,21.4
B017,B013,19.9
B017,B014,18.4
B017,B015,42.9
B017,B016,15.2
B017,B017,0.0
B017,B018,7.7
B017,B019,32.7
B017,B020,39.3
B017,B021,445.8
B017,B022,441.5
B017,B023,371.5
B017,B024,379.1
B017,B025,429.5
B017,B026,385.6
B017,B027,435.4
B017,B028,417.3
B017,B029,373.6
B017,B030,436.9
B017,B031,461.9
B017,B032,493.2
B017,B033,509.3
B017,B034,491.2
B017,B035,506.7
B017,B036,505.5
B017,B037,538.4
B017,B038,546.1
B017,B039,504.8
B017,B040,449.5
B017,B041,410.3
B017,B042,428.1
B017,B043,382.9
B017,B044,394.5
B017,B045,396.9
B017,B046,366.1
B017,B047,405.6
B017,B048,386.1
B017,B049,418.8
B017,B050,432.4
B017,B051,1499.7
B017,B052,1381.9
B017,B053,1357.2
B017,B054,1478.4
B017,B055,1490.4
B017,B056,333.6
B017,B057,359.8
B017,B058,309.1
B017,B059,362.8
B017,B060,310.9
B018,B001,34.0
B018,B002,45.4
B018,B003,40.6
B018,B004,20.8
B018,B005,5.5
B018,B006,38.7
B018,B007,15.9
B018,B008,32.5
B018,B009,39.4
B018,B010,41.4
B018,B011,18.7
B018,B012,12.0
B018,B013,31.8
B018,B014,19.8
B018,B015,36.5
B018,B016,10.6
B018,B017,7.6
B018,B018,0.0
B018,B019,38.9
B018,B020,44.7
B018,B021,391.0
B018,B022,424.0
B018,B023,407.6
B018,B024,429.8
B018,B025,403.8
B018,B026,394.3
B018,B027,382.3
B018,B028,381.1
B018,B029,426.1
B018,B030,379.1
B018,B031,456.1
B018,B032,471.6
B018,B033,474.4
B018,B034,526.4
B018,B035,481.8
B018,B036,542.3
B018,B037,457.7
B018,B038,515.2
B018,B039,501.3
B018,B040,481.8
B018,B041,420.9
B018,B042,427.1
B018,B043,426.1
B018,B044,372.2
B018,B045,379.6
B018,B046,413.8
B018,B047,374.7
B018,B048,415.4
B018,B049,400.3
B018,B050,408.6
B018,B051,1505.2
B018,B052,1467.8
B018,B053,1277.0
B018,B054,1284.3
B018,B055,1437.5
B018,B056,330.8
B018,B057,315.2
B018,B058,325.0
B018,B059,352.0
B018,B060,357.7
B019,B001,3.3
B019,B002,16.0
B019,B003,20.9
B019,B004,45.5
B019,B005,38.2
B019,B006,3.1
B019,B007,40.8
B019,B008,11.3
B019,B009,3.2
B019,B010,19.3
B019,B011,44.1
B019,B012,47.2
B019,B013,27.4
B019,B014,31.6
B019,B015,42.8
B019,B016,40.9
B019,B017,36.1
B019,B018,36.2
B019,B019,0.0
B019,B020,14.0
B019,B021,406.5
B019,B022,368.0
B019,B023,409.7
B019,B024,375.3
B019,B025,363.3
B019,B026,370.1
B019,B027,387.3
B019,B028,368.1
B019,B029,365.6
B019,B030,427.8
B019,B031,466.2
B019,B032,477.0
B019,B033,449.8
B019,B034,467.0
B019,B035,455.8
B019,B036,490.9
B019,B037,451.7
B019,B038,524.0
B019,B039,535.2
B019,B040,440.6
B019,B041,356.2
B019,B042,355.3
B019,B043,401.0
B019,B044,362.8
B019,B045,425.4
B019,B046,416.6
B019,B047,411.0
B019,B048,394.3
B019,B049,429.2
B019,B050,363.4
B019,B051,1374.5
B019,B052,1349.1
B019,B053,1526.2
B019,B054,1422.9
B019,B055,1484.5
B019,B056,313.5
B019,B057,367.4
B019,B058,334.5
B019,B059,338.6
B019,B060,371.8
B020,B001,15.8
B020,B002,2.4
B020,B003,37.4
B020,B004,37.2
B020,B005,43.0
B020,B006,16.8
B020,B007,33.9
B020,B008,28.4
B020,B009,12.1
B020,B010,34.0
B020,B011,35.8
B020,B012,44.0
B020,B013,42.8
B020,B014,28.9
B020,B015,35.7
B020,B016,39.5
B020,B017,37.1
B020,B018,42.2
B020,B019,15.1
B020,B020,0.0
B020,B021,392.3
B020,B022,400.1
B020,B023,395.7
B020,B024,379.6
B020,B025,378.8
B020,B026,379.6
B020,B027,357.7
B020,B028,363.2
B020,B029,407.5
B020,B030,386.0
B020,B031,458.9
B020,B032,500.0
B020,B033,522.2
B020,B034,460.3
B020,B035,512.8
B020,B036,524.7
B020,B037,492.5
B020,B038,505.9
B020,B039,451.6
B020,B040,525.0
B020,B041,372.7
B020,B042,411.4
B020,B043,392.0
B020,B044,348.3
B020,B045,355.5
B020,B046,404.8
B020,B047,385.4
B020,B048,349.9
B020,B049,403.4
B020,B050,421.9
B020,B051,1405.7
B020,B052,1393.3
B020,B053,1266.1
B020,B054,1486.5
B020,B055,1355.8
B020,B056,355.0
B020,B057,321.3
B020,B058,333.2
B020,B059,318.1
B020,B060,311.4
B021,B001,422.8
B021,B002,394.1
B021,B003,409.2
B021,B004,442.1
B021,B005,450.7
B021,B006,429.1
B021,B007,380.6
B021,B008,411.9
B021,B009,429.4
B021,B010,396.7
B021,B011,372.1
B021,B012,434.3
B021,B013,409.8
B021,B014,408.7
B021,B015,436.2
B021,B016,417.0
B021,B017,404.1
B021,B018,400.2
B021,B019,393.0
B021,B020,365.2
B021,B021,0.0
B021,B022,40.9
B021,B023,44.3
B021,B024,5.1
B021,B025,33.4
B021,B026,46.2
B021,B027,27.0
B021,B028,18.2
B021,B029,13.2
B021,B030,2.9
B021,B031,510.0
B021,B032,574.9
B021,B033,541.7
B021,B034,555.2
B021,B035,496.1
B021,B036,541.8
B021,B037,549.8
B021,B038,517.5
B021,B039,514.4
B021,B040,514.7
B021,B041,195.5
B021,B042,184.2
B021,B043,224.5
B021,B044,219.3
B021,B045,225.5
B021,B046,228.9
B021,B047,186.2
B021,B048,220.5
B021,B049,225.7
B021,B050,218.8
B021,B051,1466.2
B021,B052,1464.3
B021,B053,1349.3
B021,B054,1497.6
B021,B055,1632.8
B021,B056,406.9
B021,B057,344.2
B021,B058,393.6
B021,B059,365.3
B021,B060,406.5
B022,B001,357.3
B022,B002,420.5
B022,B003,425.2
B022,B004,367.0
B022,B005,369.4
B022,B006,419.2
B022,B007,371.3
B022,B008,399.3
B022,B009,424.1
B022,B010,404.4
B022,B011,389.1
B022,B012,397.3
B022,B013,368.3
B022,B014,433.3
B022,B015,376.0
B022,B016,376.1
B022,B017,385.6
B022,B018,441.1
B022,B019,360.1
B022,B020,416.2
B022,B021,40.2
B022,B022,0.0
B022,B023,11.9
B022,B024,43.9
B022,B025,8.2
B022,B026,7.7
B022,B027,8.2
B022,B028,45.8
B022,B029,31.9
B022,B030,36.1
B022,B031,573.7
B022,B032,591.8
B022,B033,562.1
B022,B034,525.1
B022,B035,526.3
B022,B036,518.5
B022,B037,517.2
B022,B038,521.8
B022,B039,494.7
B022,B040,488.3
B022,B041,224.2
B022,B042,208.6
B022,B043,235.6
B022,B044,239.4
B022,B045,202.7
B022,B046,205.0
B022,B047,201.2
B022,B048,246.1
B022,B049,208.3
B022,B050,225.0
B022,B051,1600.6
B022,B052,1609.8
B022,B053,1394.6
B022,B054,1339.4
B022,B055,1369.0
B022,B056,345.2
B022,B057,361.0
B022,B058,388.6
B022,B059,417.8
B022,B060,384.6
B023,B001,406.7
B023,B002,367.2
B023,B003,426.0
B023,B004,410.6
B023,B005,438.5
B023,B006,432.1
B023,B007,390.2
B023,B008,367.4
B023,B009,373.5
B023,B010,397.7
B023,B011,436.7
B023,B012,395.6
B023,B013,429.3
B023,B014,403.1
B023,B015,369.5
B023,B016,390.2
B023,B017,418.9
B023,B018,421.4
B023,B019,390.4
B023,B020,370.2
B023,B021,43.4
B023,B022,10.5
B023,B023,0.0
B023,B024,48.1
B023,B025,7.0
B023,B026,5.4
B023,B027,15.5
B023,B028,50.2
B023,B029,37.9
B023,B030,38.3
B023,B031,583.4
B023,B032,538.7
B023,B033,537.0
B023,B034,518.1
B023,B035,484.5
B023,B036,540.0
B023,B037,502.6
B023,B038,547.5
B023,B039,490.0
B023,B040,584.3
B023,B041,214.5
B023,B042,231.4
B023,B043,219.3
B023,B044,216.8
B023,B045,241.5
B023,B046,230.2
B023,B047,229.6
B023,B048,225.0
B023,B049,230.5
B023,B050,243.9
B023,B051,1509.3
B023,B052,1423.5
B023,B053,1518.7
B023,B054,1521.3
B023,B055,1604.9
B023,B056,372.7
B023,B057,383.0
B023,B058,411.9
B023,B059,390.7
B023,B060,404.4
B024,B001,396.0
B024,B002,370.4
B024,B003,424.5
B024,B004,373.1
B024,B005,386.1
B024,B006,409.2
B024,B007,424.3
B024,B008,434.6
B024,B009,379.5
B024,B010,373.8
B024,B011,439.5
B024,B012,379.1
B024,B013,385.0
B024,B014,385.1
B024,B015,398.5
B024,B016,437.7
B024,B017,429.9
B024,B018,426.4
B024,B019,372.2
B024,B020,382.5
B024,B021,5.3
B024,B022,37.3
B024,B023,42.2
B024,B024,0.0
B024,B025,35.8
B024,B026,41.7
B024,B027,31.6
B024,B028,13.4
B024,B029,10.0
B024,B030,6.5
B024,B031,578.1
B024,B032,584.2
B024,B033,590.9
B024,B034,537.2
B024,B035,581.9
B024,B036,518.1
B024,B037,532.6
B024,B038,513.7
B024,B039,551.2
B024,B040,537.4
B024,B041,189.5
B024,B042,208.5
B024,B043,196.7
B024,B044,211.6
B024,B045,195.0
B024,B046,204.7
B024,B047,193.5
B024,B048,206.6
B024,B049,197.3
B024,B050,222.4
B024,B051,1616.1
B024,B052,1484.9
B024,B053,1530.8
B024,B054,1597.4
B024,B055,1635.2
B024,B056,379.0
B024,B057,406.4
B024,B058,406.6
B024,B059,400.3
B024,B060,371.1
B025,B001,363.0
B025,B002,352.1
B025,B003,399.5
B025,B004,400.0
B025,B005,400.6
B025,B006,401.4
B025,B007,406.0
B025,B008,426.5
B025,B009,363.7
B025,B010,380.0
B025,B011,423.8
B025,B012,433.0
B025,B013,446.9
B025,B014,429.0
B025,B015,424.5
B025,B016,389.0
B025,B017,397.9
B025,B018,387.8
B025,B019,403.4
B025,B020,425.1
B025,B021,33.7
B025,B022,7.8
B025,B023,7.2
B025,B024,34.7
B025,B025,0.0
B025,B026,7.9
B025,B027,7.5
B025,B028,46.4
B025,B029,29.8
B025,B030,34.2
B025,B031,552.4
B025,B032,509.1
B025,B033,506.5
B025,B034,561.7
B025,B035,507.7
B025,B036,576.4
B025,B037,495.3
B025,B038,554.2
B025,B039,574.7
B025,B040,506.9
B025,B041,203.3
B025,B042,231.1
B025,B043,207.2
B025,B044,231.4
B025,B045,220.9
B025,B046,209.7
B025,B047,226.2
B025,B048,237.5
B025,B049,215.9
B025,B050,239.8
B025,B051,1388.9
B025,B052,1325.0
B025,B053,1494.5
B025,B054,1619.0
B025,B055,1336.3
B025,B056,357.7
B025,B057,387.6
B025,B058,408.9
B025,B059,355.8
B025,B060,375.4
B026,B001,413.9
B026,B002,378.1
B026,B003,374.7
B026,B004,374.5
B026,B005,399.1
B026,B006,392.5
B026,B007,429.1
B026,B008,409.1
B026,B009,407.8
B026,B010,439.0
B026,B011,391.6
B026,B012,395.3
B026,B013,439.2
B026,B014,377.3
B026,B015,410.2
B026,B016,422.9
B026,B017,371.6
B026,B018,402.4
B026,B019,369.6
B026,B020,364.6
B026,B021,42.7
B026,B022,6.8
B026,B023,6.2
B026,B024,48.8
B026,B025,8.9
B026,B026,0.0
B026,B027,13.7
B026,B028,47.2
B026,B029,35.6
B026,B030,37.3
B026,B031,576.8
B026,B032,528.6
B026,B033,508.7
B026,B034,561.7
B026,B035,518.7
B026,B036,479.8
B026,B037,494.5
B026,B038,546.6
B026,B039,567.7
B026,B040,501.1
B026,B041,233.0
B026,B042,228.6
B026,B043,235.0
B026,B044,224.0
B026,B045,205.9
B026,B046,239.3
B026,B047,208.1
B026,B048,232.9
B026,B049,235.2
B026,B050,210.2
B026,B051,1552.7
B026,B052,1596.3
B026,B053,1537.4
B026,B054,1452.8
B026,B055,1579.5
B026,B056,383.1
B026,B057,406.2
B026,B058,410.9
B026,B059,408.1
B026,B060,368.3
B027,B001,364.4
B027,B002,368.0
B027,B003,400.1
B027,B004,399.2
B027,B005,413.2
B027,B006,386.1
B027,B007,423.1
B027,B008,431.0
B027,B009,373.1
B027,B010,419.6
B027,B011,412.8
B027,B012,405.0
B027,B013,379.9
B027,B014,421.0
B027,B015,428.2
B027,B016,420.3
B027,B017,438.0
B027,B018,444.2
B027,B019,381.8
B027,B020,400.0
B027,B021,29.6
B027,B022,9.7
B027,B023,14.3
B027,B024,30.7
B027,B025,8.8
B027,B026,13.7
B027,B027,0.0
B027,B028,37.1
B027,B029,22.6
B027,B030,29.6
B027,B031,575.9
B027,B032,522.6
B027,B033,572.8
B027,B034,513.1
B027,B035,545.8
B027,B036,551.0
B027,B037,570.8
B027,B038,485.9
B027,B039,512.1
B027,B040,559.7
B027,B041,212.3
B027,B042,208.0
B027,B043,195.2
B027,B044,224.5
B027,B045,236.8
B027,B046,197.0
B027,B047,206.8
B027,B048,241.8
B027,B049,198.5
B027,B050,232.6
B027,B051,1404.1
B027,B052,1581.1
B027,B053,1548.3
B027,B054,1589.5
B027,B055,1390.6
B027,B056,379.0
B027,B057,404.4
B027,B058,362.4
B027,B059,363.7
B027,B060,344.3
B028,B001,430.9
B028,B002,404.6
B028,B003,411.1
B028,B004,417.7
B028,B005,408.9
B028,B006,392.7
B028,B007,395.7
B028,B008,409.5
B028,B009,369.7
B028,B010,432.0
B028,B011,423.0
B028,B012,390.6
B028,B013,411.7
B028,B014,368.8
B028,B015,428.6
B028,B016,434.4
B028,B017,438.2
B028,B018,391.2
B028,B019,367.5
B028,B020,366.8
B028,B021,16.6
B028,B022,39.9
B028,B023,45.7
B028,B024,14.2
B028,B025,38.9
B028,B026,45.8
B028,B027,37.4
B028,B028,0.0
B028,B029,12.5
B028,B030,19.4
B028,B031,561.4
B028,B032,599.0
B028,B033,571.1
B028,B034,545.0
B028,B035,569.8
B028,B036,540.5
B028,B037,530.7
B028,B038,545.6
B028,B039,518.1
B028,B040,581.6
B028,B041,186.8
B028,B042,181.3
B028,B043,190.5
B028,B044,232.9
B028,B045,200.0
B028,B046,211.3
B028,B047,211.8
B028,B048,190.9
B028,B049,215.5
B028,B050,199.9
B028,B051,1404.5
B028,B052,1542.5
B028,B053,1611.0
B028,B054,1427.8
B028,B055,1508.1
B028,B056,350.4
B028,B057,376.2
B028,B058,380.1
B028,B059,381.8
B028,B060,378.4
B029,B001,366.7
B029,B002,404.2
B029,B003,415.0
B029,B004,413.9
B029,B005,372.6
B029,B006,391.2
B029,B007,393.5
B029,B008,366.1
B029,B009,372.1
B029,B010,396.9
B029,B011,418.6
B029,B012,382.5
B029,B013,432.9
B029,B014,401.9
B029,B015,413.1
B029,B016,400.8
B029,B017,405.0
B029,B018,415.4
B029,B019,428.1
B029,B020,389.5
B029,B021,13.4
B029,B022,32.2
B029,B023,39.6
B029,B024,10.0
B029,B025,30.4
B029,B026,37.3
B029,B027,25.1
B029,B028,12.3
B029,B029,0.0
B029,B030,11.6
B029,B031,593.5
B029,B032,547.3
B029,B033,516.7
B029,B034,508.4
B029,B035,498.9
B029,B036,488.3
B029,B037,536.5
B029,B038,574.8
B029,B039,576.7
B029,B040,494.3
B029,B041,203.9
B029,B042,185.9
B029,B043,223.7
B029,B044,208.1
B029,B045,217.4
B029,B046,201.4
B029,B047,208.3
B029,B048,209.7
B029,B049,220.4
B029,B050,201.3
B029,B051,1605.2
B029,B052,1482.1
B029,B053,1560.8
B029,B054,1588.5
B029,B055,1631.4
B029,B056,349.7
B029,B057,360.4
B029,B058,356.6
B029,B059,359.9
B029,B060,379.8
B030,B001,439.7
B030,B002,432.4
B030,B003,407.8
B030,B004,415.2
B030,B005,441.6
B030,B006,434.7
B030,B007,381.4
B030,B008,406.0
B030,B009,425.1
B030,B010,390.3
B030,B011,399.0
B030,B012,448.0
B030,B013,450.6
B030,B014,435.6
B030,B015,421.0
B030,B016,388.8
B030,B017,395.0
B030,B018,414.2
B030,B019,403.9
B030,B020,395.2
B030,B021,2.9
B030,B022,35.1
B030,B023,40.7
B030,B024,6.3
B030,B025,30.9
B030,B026,37.2
B030,B027,25.3
B030,B028,19.7
B030,B029,11.5
B030,B030,0.0
B030,B031,516.0
B030,B032,583.8
B030,B033,560.2
B030,B034,489.4
B030,B035,525.2
B030,B036,509.7
B030,B037,563.3
B030,B038,523.1
B030,B039,505.1
B030,B040,499.0
B030,B041,205.8
B030,B042,181.9
B030,B043,221.3
B030,B044,208.8
B030,B045,217.7
B030,B046,207.5
B030,B047,201.7
B030,B048,196.4
B030,B049,223.6
B030,B050,230.7
B030,B051,1340.9
B030,B052,1388.3
B030,B053,1606.4
B030,B054,1500.9
B030,B055,1381.0
B030,B056,350.9
B030,B057,391.6
B030,B058,395.4
B030,B059,388.4
B030,B060,410.7
B031,B001,483.9
B031,B002,466.8
B031,B003,477.3
B031,B004,487.6
B031,B005,468.5
B031,B006,439.3
B031,B007,484.4
B031,B008,503.7
B031,B009,438.1
B031,B010,475.8
B031,B011,514.4
B031,B012,512.3
B031,B013,512.8
B031,B014,526.0
B031,B015,521.0
B031,B016,459.6
B031,B017,491.4
B031,B018,507.5
B031,B019,459.0
B031,B020,442.1
B031,B021,516.6
B031,B022,526.5
B031,B023,521.7
B031,B024,511.8
B031,B025,567.7
B031,B026,574.9
B031,B027,502.9
B031,B028,594.1
B031,B029,490.9
B031,B030,592.0
B031,B031,0.0
B031,B032,25.6
B031,B033,23.3
B031,B034,11.7
B031,B035,19.8
B031,B036,11.0
B031,B037,16.2
B031,B038,6.7
B031,B039,21.4
B031,B040,24.4
B031,B041,687.9
B031,B042,686.0
B031,B043,667.4
B031,B044,701.0
B031,B045,638.9
B031,B046,716.4
B031,B047,616.2
B031,B048,715.9
B031,B049,728.2
B031,B050,684.5
B031,B051,986.4
B031,B052,944.5
B031,B053,1076.2
B031,B054,1030.0
B031,B055,956.6
B031,B056,690.8
B031,B057,700.0
B031,B058,735.2
B031,B059,810.8
B031,B060,778.4
B032,B001,463.6
B032,B002,528.9
B032,B003,474.6
B032,B004,544.6
B032,B005,476.8
B032,B006,501.9
B032,B007,549.4
B032,B008,466.5
B032,B009,510.9
B032,B010,536.3
B032,B011,471.6
B032,B012,466.4
B032,B013,510.0
B032,B014,486.2
B032,B015,463.5
B032,B016,503.8
B032,B017,526.3
B032,B018,482.5
B032,B019,474.5
B032,B020,528.0
B032,B021,558.4
B032,B022,577.8
B032,B023,534.4
B032,B024,607.1
B032,B025,558.9
B032,B026,497.7
B032,B027,586.2
B032,B028,555.3
B032,B029,513.1
B032,B030,516.5
B032,B031,24.4
B032,B032,0.0
B032,B033,12.1
B032,B034,33.1
B032,B035,29.0
B032,B036,27.4
B032,B037,26.7
B032,B038,18.7
B032,B039,12.9
B032,B040,27.0
B032,B041,697.5
B032,B042,662.8
B032,B043,708.8
B032,B044,645.5
B032,B045,628.0
B032,B046,658.0
B032,B047,676.8
B032,B048,679.1
B032,B049,732.8
B032,B050,680.6
B032,B051,981.2
B032,B052,990.4
B032,B053,881.4
B032,B054,977.9
B032,B055,943.0
B032,B056,735.7
B032,B057,690.2
B032,B058,791.4
B032,B059,820.1
B032,B060,680.3
B033,B001,504.6
B033,B002,522.6
B033,B003,468.5
B033,B004,541.3
B033,B005,519.3
B033,B006,535.7
B033,B007,558.3
B033,B008,448.2
B033,B009,489.5
B033,B010,496.4
B033,B011,474.1
B033,B012,494.6
B033,B013,544.4
B033,B014,456.5
B033,B015,505.1
B033,B016,544.3
B033,B017,486.3
B033,B018,505.3
B033,B019,541.0
B033,B020,494.3
B033,B021,514.4
B033,B022,491.5
B033,B023,587.4
B033,B024,529.8
B033,B025,542.1
B033,B026,494.3
B033,B027,535.2
B033,B028,603.6
B033,B029,552.2
B033,B030,606.5
B033,B031,24.5
B033,B032,13.4
B033,B033,0.0
B033,B034,37.6
B033,B035,39.1
B033,B036,32.2
B033,B037,37.7
B033,B038,18.7
B033,B039,2.6
B033,B040,43.9
B033,B041,639.4
B033,B042,653.2
B033,B043,623.7
B033,B044,685.5
B033,B045,654.2
B033,B046,718.1
B033,B047,639.5
B033,B048,718.3
B033,B049,657.6
B033,B050,677.7
B033,B051,945.1
B033,B052,1013.6
B033,B053,967.5
B033,B054,947.2
B033,B055,1041.1
B033,B056,759.9
B033,B057,708.8
B033,B058,810.8
B033,B059,731.4
B033,B060,684.3
B034,B001,481.1
B034,B002,447.0
B034,B003,451.7
B034,B004,523.5
B034,B005,456.6
B034,B006,509.8
B034,B007,539.7
B034,B008,490.7
B034,B009,502.2
B034,B010,499.3
B034,B011,546.1
B034,B012,482.6
B034,B013,450.5
B034,B014,494.3
B034,B015,500.2
B034,B016,464.5
B034,B017,502.2
B034,B018,446.4
B034,B019,521.9
B034,B020,461.0
B034,B021,492.4
B034,B022,485.6
B034,B023,499.0
B034,B024,518.3
B034,B025,479.3
B034,B026,502.1
B034,B027,497.9
B034,B028,529.5
B034,B029,526.5
B034,B030,523.8
B034,B031,10.8
B034,B032,31.7
B034,B033,31.8
B034,B034,0.0
B034,B035,20.3
B034,B036,15.1
B034,B037,22.2
B034,B038,18.0
B034,B039,32.6
B034,B040,28.5
B034,B041,643.5
B034,B042,702.9
B034,B043,710.1
B034,B044,734.1
B034,B045,736.1
B034,B046,670.4
B034,B047,704.9
B034,B048,721.9
B034,B049,650.5
B034,B050,742.8
B034,B051,908.3
B034,B052,1082.9
B034,B053,1041.3
B034,B054,907.8
B034,B055,1017.3
B034,B056,666.6
B034,B057,777.7
B034,B058,780.9
B034,B059,756.4
B034,B060,792.6
B035,B001,440.6
B035,B002,459.4
B035,B003,465.9
B035,B004,450.9
B035,B005,485.3
B035,B006,455.4
B035,B007,483.2
B035,B008,470.7
B035,B009,515.9
B035,B010,454.4
B035,B011,533.6
B035,B012,488.5
B035,B013,463.9
B035,B014,490.2
B035,B015,486.4
B035,B016,469.9
B035,B017,488.7
B035,B018,457.6
B035,B019,464.1
B035,B020,487.7
B035,B021,536.9
B035,B022,565.3
B035,B023,504.7
B035,B024,598.2
B035,B025,563.1
B035,B026,578.9
B035,B027,570.6
B035,B028,507.4
B035,B029,545.7
B035,B030,509.3
B035,B031,19.3
B035,B032,31.7
B035,B033,37.6
B035,B034,23.4
B035,B035,0.0
B035,B036,7.5
B035,B037,4.3
B035,B038,24.2
B035,B039,34.3
B035,B040,7.6
B035,B041,713.1
B035,B042,610.9
B035,B043,678.5
B035,B044,655.8
B035,B045,706.9
B035,B046,629.8
B035,B047,730.3
B035,B048,736.5
B035,B049,636.1
B035,B050,662.2
B035,B051,1004.2
B035,B052,1026.7
B035,B053,974.9
B035,B054,918.8
B035,B055,906.8
B035,B056,808.7
B035,B057,731.3
B035,B058,791.7
B035,B059,738.6
B035,B060,802.4
B036,B001,441.5
B036,B002,445.7
B036,B003,517.0
B036,B004,543.0
B036,B005,474.2
B036,B006,466.0
B036,B007,491.1
B036,B008,471.9
B036,B009,451.7
B036,B010,516.4
B036,B011,472.1
B036,B012,518.4
B036,B013,440.7
B036,B014,446.6
B036,B015,511.8
B036,B016,480.0
B036,B017,505.8
B036,B018,453.8
B036,B019,523.5
B036,B020,507.4
B036,B021,587.1
B036,B022,492.0
B036,B023,511.0
B036,B024,532.1
B036,B025,536.3
B036,B026,507.5
B036,B027,487.2
B036,B028,531.9
B036,B029,515.9
B036,B030,532.5
B036,B031,9.5
B036,B032,26.4
B036,B033,34.5
B036,B034,14.0
B036,B035,7.9
B036,B036,0.0
B036,B037,5.9
B036,B038,16.7
B036,B039,30.8
B036,B040,14.3
B036,B041,733.6
B036,B042,672.0
B036,B043,732.6
B036,B044,729.9
B036,B045,624.4
B036,B046,672.4
B036,B047,698.6
B036,B048,749.4
B036,B049,673.5
B036,B050,630.9
B036,B051,998.5
B036,B052,909.8
B036,B053,1035.2
B036,B054,987.5
B036,B055,1028.1
B036,B056,790.8
B036,B057,758.1
B036,B058,754.6
B036,B059,780.2
B036,B060,791.8
B037,B001,516.3
B037,B002,437.9
B037,B003,481.1
B037,B004,469.8
B037,B005,527.5
B037,B006,493.7
B037,B007,487.6
B037,B008,449.6
B037,B009,465.7
B037,B010,497.4
B037,B011,466.9
B037,B012,457.1
B037,B013,519.5
B037,B014,517.6
B037,B015,466.4
B037,B016,475.0
B037,B017,536.4
B037,B018,514.0
B037,B019,490.6
B037,B020,464.5
B037,B021,525.4
B037,B022,483.0
B037,B023,555.8
B037,B024,497.8
B037,B025,480.9
B037,B026,554.8
B037,B027,583.6
B037,B028,575.7
B037,B029,540.8
B037,B030,544.8
B037,B031,14.6
B037,B032,26.2
B037,B033,35.4
B037,B034,19.9
B037,B035,4.3
B037,B036,6.3
B037,B037,0.0
B037,B038,21.2
B037,B039,30.6
B037,B040,8.1
B037,B041,629.1
B037,B042,650.2
B037,B043,649.3
B037,B044,645.4
B037,B045,722.0
B037,B046,682.5
B037,B047,729.3
B037,B048,619.9
B037,B049,621.2
B037,B050,674.5
B037,B051,902.8
B037,B052,935.8
B037,B053,1080.6
B037,B054,927.8
B037,B055,924.0
B037,B056,747.6
B037,B057,739.1
B037,B058,750.2
B037,B059,724.4
B037,B060,789.9
B038,B001,451.9
B038,B002,481.9
B038,B003,500.4
B038,B004,541.5
B038,B005,485.4
B038,B006,492.4
B038,B007,458.6
B038,B008,453.9
B038,B009,445.5
B038,B010,506.4
B038,B011,481.3
B038,B012,526.5
B038,B013,446.2
B038,B014,534.0
B038,B015,536.2
B038,B016,460.7
B038,B017,449.3
B038,B018,455.5
B038,B019,520.7
B038,B020,463.4
B038,B021,554.2
B038,B022,525.5
B038,B023,564.4
B038,B024,548.1
B038,B025,535.2
B038,B026,583.8
B038,B027,499.4
B038,B028,585.5
B038,B029,496.5
B038,B030,545.3
B038,B031,7.2
B038,B032,19.2
B038,B033,19.9
B038,B034,15.8
B038,B035,22.8
B038,B036,15.4
B038,B037,19.4
B038,B038,0.0
B038,B039,16.6
B038,B040,25.5
B038,B041,648.7
B038,B042,639.5
B038,B043,662.6
B038,B044,644.9
B038,B045,740.0
B038,B046,700.0
B038,B047,626.3
B038,B048,713.5
B038,B049,730.5
B038,B050,654.4
B038,B051,913.3
B038,B052,882.7
B038,B053,892.5
B038,B054,1033.1
B038,B055,1075.3
B038,B056,674.0
B038,B057,781.1
B038,B058,679.5
B038,B059,761.3
B038,B060,784.4
B039,B001,479.8
B039,B002,447.0
B039,B003,498.0
B039,B004,561.2
B039,B005,480.5
B039,B006,461.9
B039,B007,470.2
B039,B008,497.9
B039,B009,503.6
B039,B010,519.6
B039,B011,535.0
B039,B012,550.6
B039,B013,525.4
B039,B014,479.0
B039,B015,514.8
B039,B016,487.9
B039,B017,486.0
B039,B018,550.2
B039,B019,510.8
B039,B020,543.0
B039,B021,545.1
B039,B022,542.9
B039,B023,537.0
B039,B024,511.2
B039,B025,512.2
B039,B026,540.3
B039,B027,495.5
B039,B028,602.6
B039,B029,509.5
B039,B030,519.8
B039,B031,24.6
B039,B032,12.4
B039,B033,2.8
B039,B034,34.0
B039,B035,34.4
B039,B036,32.8
B039,B037,34.3
B039,B038,17.6
B039,B039,0.0
B039,B040,41.1
B039,B041,710.8
B039,B042,690.9
B039,B043,662.8
B039,B044,727.2
B039,B045,758.4
B039,B046,704.2
B039,B047,704.4
B039,B048,684.3
B039,B049,724.5
B039,B050,766.2
B039,B051,909.4
B039,B052,914.7
B039,B053,982.7
B039,B054,971.7
B039,B055,987.5
B039,B056,680.6
B039,B057,736.5
B039,B058,762.2
B039,B059,767.0
B039,B060,776.5
B040,B001,500.9
B040,B002,495.3
B040,B003,502.2
B040,B004,509.4
B040,B005,494.6
B040,B006,488.6
B040,B007,455.0
B040,B008,456.8
B040,B009,482.8
B040,B010,512.4
B040,B011,513.0
B040,B012,455.8
B040,B013,489.9
B040,B014,463.3
B040,B015,518.4
B040,B016,526.9
B040,B017,498.2
B040,B018,501.4
B040,B019,463.5
B040,B020,476.9
B040,B021,588.8
B040,B022,557.2
B040,B023,535.1
B040,B024,534.8
B040,B025,487.1
B040,B026,493.9
B040,B027,504.0
B040,B028,535.1
B040,B029,593.8
B040,B030,548.3
B040,B031,21.6
B040,B032,27.4
B040,B033,38.8
B040,B034,30.1
B040,B035,7.2
B040,B036,14.9
B040,B037,8.8
B040,B038,24.4
B040,B039,39.4
B040,B040,0.0
B040,B041,734.6
B040,B042,657.7
B040,B043,617.9
B040,B044,749.6
B040,B045,739.3
B040,B046,686.9
B040,B047,680.7
B040,B048,645.2
B040,B049,724.4
B040,B050,688.4
B040,B051,893.2
B040,B052,1017.9
B040,B053,1073.1
B040,B054,1049.5
B040,B055,939.1
B040,B056,670.8
B040,B057,804.4
B040,B058,802.8
B040,B059,747.4
B040,B060,762.4
B041,B001,384.4
B041,B002,374.0
B041,B003,365.0
B041,B004,352.0
B041,B005,372.7
B041,B006,413.9
B041,B007,358.3
B041,B008,370.0
B041,B009,389.3
B041,B010,372.2
B041,B011,357.8
B041,B012,392.5
B041,B013,386.7
B041,B014,394.6
B041,B015,408.1
B041,B016,360.8
B041,B017,424.9
B041,B018,423.1
B041,B019,412.0
B041,B020,390.8
B041,B021,206.6
B041,B022,218.2
B041,B023,224.1
B041,B024,180.6
B041,B025,232.4
B041,B026,218.7
B041,B027,221.5
B041,B028,191.4
B041,B029,181.5
B041,B030,202.9
B041,B031,673.5
B041,B032,673.3
B041,B033,660.3
B041,B034,634.9
B041,B035,674.4
B041,B036,654.3
B041,B037,735.1
B041,B038,630.8
B041,B039,656.5
B041,B040,645.1
B041,B041,0.0
B041,B042,4.9
B041,B043,15.4
B041,B044,56.2
B041,B045,37.8
B041,B046,27.2
B041,B047,4.2
B041,B048,28.9
B041,B049,20.7
B041,B050,39.6
B041,B051,1473.1
B041,B052,1660.9
B041,B053,1683.2
B041,B054,1705.6
B041,B055,1629.2
B041,B056,228.0
B041,B057,225.5
B041,B058,208.3
B041,B059,212.0
B041,B060,232.6
B042,B001,423.9
B042,B002,341.8
B042,B003,398.0
B042,B004,400.5
B042,B005,417.9
B042,B006,389.6
B042,B007,393.2
B042,B008,405.1
B042,B009,411.5
B042,B010,363.4
B042,B011,414.7
B042,B012,349.5
B042,B013,422.2
B042,B014,350.9
B042,B015,352.6
B042,B016,348.0
B042,B017,386.6
B042,B018,377.1
B042,B019,359.2
B042,B020,375.5
B042,B021,196.5
B042,B022,222.1
B042,B023,231.3
B042,B024,204.6
B042,B025,195.6
B042,B026,204.9
B042,B027,225.4
B042,B028,178.8
B042,B029,196.0
B042,B030,218.9
B042,B031,731.1
B042,B032,667.9
B042,B033,703.0
B042,B034,660.6
B042,B035,702.7
B042,B036,606.4
B042,B037,622.4
B042,B038,688.4
B042,B039,642.8
B042,B040,693.1
B042,B041,4.7
B042,B042,0.0
B042,B043,21.8
B042,B044,62.1
B042,B045,39.5
B042,B046,35.0
B042,B047,7.2
B042,B048,36.2
B042,B049,24.5
B042,B050,48.0
B042,B051,1728.6
B042,B052,1751.1
B042,B053,1745.9
B042,B054,1772.7
B042,B055,1533.8
B042,B056,242.8
B042,B057,233.7
B042,B058,226.0
B042,B059,233.4
B042,B060,218.7
B043,B001,375.8
B043,B002,365.2
B043,B003,366.7
B043,B004,387.5
B043,B005,429.6
B043,B006,403.1
B043,B007,392.1
B043,B008,390.8
B043,B009,387.8
B043,B010,376.6
B043,B011,413.7
B043,B012,368.8
B043,B013,419.7
B043,B014,410.1
B043,B015,387.7
B043,B016,421.2
B043,B017,380.8
B043,B018,426.7
B043,B019,409.6
B043,B020,409.0
B043,B021,212.9
B043,B022,231.9
B043,B023,242.1
B043,B024,201.0
B043,B025,231.1
B043,B026,230.4
B043,B027,212.2
B043,B028,217.8
B043,B029,201.2
B043,B030,209.6
B043,B031,625.2
B043,B032,650.2
B043,B033,735.1
B043,B034,660.5
B043,B035,662.5
B043,B036,642.7
B043,B037,676.9
B043,B038,722.7
B043,B039,741.5
B043,B040,620.5
B043,B041,15.6
B043,B042,20.1
B043,B043,0.0
B043,B044,45.2
B043,B045,19.2
B043,B046,12.8
B043,B047,14.0
B043,B048,20.3
B043,B049,11.2
B043,B050,24.4
B043,B051,1735.4
B043,B052,1708.8
B043,B053,1579.5
B043,B054,1729.5
B043,B055,1745.1
B043,B056,207.6
B043,B057,233.8
B043,B058,219.3
B043,B059,241.1
B043,B060,213.4
B044,B001,406.6
B044,B002,367.0
B044,B003,401.9
B044,B004,422.5
B044,B005,389.4
B044,B006,423.2
B044,B007,428.6
B044,B008,427.0
B044,B009,365.2
B044,B010,426.2
B044,B011,352.2
B044,B012,384.1
B044,B013,432.7
B044,B014,404.9
B044,B015,384.6
B044,B016,384.0
B044,B017,422.4
B044,B018,413.2
B044,B019,390.0
B044,B020,417.0
B044,B021,211.5
B044,B022,218.7
B044,B023,244.5
B044,B024,242.6
B044,B025,222.8
B044,B026,225.1
B044,B027,214.8
B044,B028,233.7
B044,B029,210.7
B044,B030,224.4
B044,B031,758.9
B044,B032,632.0
B044,B033,708.6
B044,B034,688.5
B044,B035,731.4
B044,B036,669.5
B044,B037,678.0
B044,B038,647.4
B044,B039,733.3
B044,B040,730.4
B044,B041,50.7
B044,B042,57.1
B044,B043,47.7
B044,B044,0.0
B044,B045,30.6
B044,B046,39.1
B044,B047,51.5
B044,B048,23.5
B044,B049,32.1
B044,B050,36.2
B044,B051,1539.8
B044,B052,1651.4
B044,B053,1712.1
B044,B054,1669.1
B044,B055,1509.0
B044,B056,222.9
B044,B057,201.5
B044,B058,226.1
B044,B059,209.4
B044,B060,222.4
B045,B001,374.7
B045,B002,366.4
B045,B003,405.7
B045,B004,356.6
B045,B005,382.1
B045,B006,416.5
B045,B007,422.8
B045,B008,368.5
B045,B009,426.7
B045,B010,429.7
B045,B011,423.3
B045,B012,413.8
B045,B013,422.2
B045,B014,397.5
B045,B015,399.4
B045,B016,431.7
B045,B017,370.8
B045,B018,387.2
B045,B019,363.4
B045,B020,426.5
B045,B021,210.1
B045,B022,231.3
B045,B023,242.4
B045,B024,231.3
B045,B025,208.7
B045,B026,239.7
B045,B027,237.8
B045,B028,188.4
B045,B029,222.8
B045,B030,207.0
B045,B031,706.8
B045,B032,697.7
B045,B033,662.5
B045,B034,632.4
B045,B035,632.1
B045,B036,630.5
B045,B037,704.7
B045,B038,668.3
B045,B039,655.5
B045,B040,713.0
B045,B041,36.0
B045,B042,39.9
B045,B043,21.1
B045,B044,33.2
B045,B045,0.0
B045,B046,8.8
B045,B047,30.1
B045,B048,15.4
B045,B049,19.3
B045,B050,6.6
B045,B051,1665.5
B045,B052,1678.0
B045,B053,1590.9
B045,B054,1698.0
B045,B055,1726.1
B045,B056,244.0
B045,B057,228.5
B045,B058,208.0
B045,B059,233.1
B045,B060,206.8
B046,B001,376.9
B046,B002,376.6
B046,B003,423.7
B046,B004,367.7
B046,B005,376.5
B046,B006,361.5
B046,B007,424.8
B046,B008,416.8
B046,B009,359.1
B046,B010,366.5
B046,B011,397.9
B046,B012,380.0
B046,B013,415.0
B046,B014,389.5
B046,B015,419.5
B046,B016,380.6
B046,B017,416.6
B046,B018,365.5
B046,B019,432.6
B046,B020,428.3
B046,B021,219.1
B046,B022,218.6
B046,B023,211.0
B046,B024,220.2
B046,B025,231.0
B046,B026,210.5
B046,B027,215.3
B046,B028,202.2
B046,B029,222.3
B046,B030,217.6
B046,B031,703.2
B046,B032,713.6
B046,B033,661.3
B046,B034,661.9
B046,B035,619.8
B046,B036,721.2
B046,B037,673.9
B046,B038,677.5
B046,B039,656.8
B046,B040,644.1
B046,B041,28.9
B046,B042,31.4
B046,B043,12.0
B046,B044,42.9
B046,B045,8.1
B046,B046,0.0
B046,B047,26.6
B046,B048,18.1
B046,B049,17.3
B046,B050,11.4
B046,B051,1720.9
B046,B052,1777.2
B046,B053,1688.8
B046,B054,1613.9
B046,B055,1715.7
B046,B056,222.1
B046,B057,227.0
B046,B058,231.3
B046,B059,222.5
B046,B060,208.2
B047,B001,380.4
B047,B002,351.3
B047,B003,387.7
B047,B004,386.9
B047,B005,427.4
B047,B006,351.6
B047,B007,394.6
B047,B008,387.8
B047,B009,348.3
B047,B010,374.7
B047,B011,354.1
B047,B012,365.3
B047,B013,379.1
B047,B014,377.0
B047,B015,378.9
B047,B016,348.8
B047,B017,365.6
B047,B018,359.4
B047,B019,390.1
B047,B020,367.6
B047,B021,205.3
B047,B022,201.9
B047,B023,196.7
B047,B024,219.2
B047,B025,197.6
B047,B026,200.4
B047,B027,196.2
B047,B028,216.7
B047,B029,207.4
B047,B030,208.5
B047,B031,739.0
B047,B032,626.6
B047,B033,747.9
B047,B034,629.6
B047,B035,688.1
B047,B036,661.2
B047,B037,657.2
B047,B038,734.1
B047,B039,634.1
B047,B040,740.6
B047,B041,3.9
B047,B042,7.8
B047,B043,15.4
B047,B044,46.5
B047,B045,35.6
B047,B046,27.6
B047,B047,0.0
B047,B048,29.9
B047,B049,17.3
B047,B050,38.6
B047,B051,1683.0
B047,B052,1609.5
B047,B053,1514.0
B047,B054,1543.1
B047,B055,1739.9
B047,B056,201.2
B047,B057,238.4
B047,B058,250.7
B047,B059,206.4
B047,B060,209.0
B048,B001,406.7
B048,B002,351.8
B048,B003,408.0
B048,B004,402.3
B048,B005,406.1
B048,B006,382.9
B048,B007,406.2
B048,B008,404.6
B048,B009,368.4
B048,B010,405.5
B048,B011,418.6
B048,B012,405.9
B048,B013,400.5
B048,B014,376.3
B048,B015,350.7
B048,B016,373.0
B048,B017,358.9
B048,B018,435.4
B048,B019,370.5
B048,B020,410.9
B048,B021,199.8
B048,B022,215.0
B048,B023,224.5
B048,B024,204.7
B048,B025,238.7
B048,B026,248.3
B048,B027,238.7
B048,B028,194.1
B048,B029,225.3
B048,B030,199.7
B048,B031,741.1
B048,B032,696.2
B048,B033,671.4
B048,B034,633.6
B048,B035,615.9
B048,B036,648.5
B048,B037,740.5
B048,B038,727.7
B048,B039,758.1
B048,B040,630.0
B048,B041,32.5
B048,B042,34.4
B048,B043,20.1
B048,B044,23.4
B048,B045,14.1
B048,B046,18.6
B048,B047,26.9
B048,B048,0.0
B048,B049,10.1
B048,B050,20.8
B048,B051,1516.0
B048,B052,1775.6
B048,B053,1639.2
B048,B054,1742.1
B048,B055,1686.2
B048,B056,225.8
B048,B057,233.3
B048,B058,239.5
B048,B059,228.7
B048,B060,209.0
B049,B001,359.8
B049,B002,392.1
B049,B003,364.4
B049,B004,366.4
B049,B005,362.4
B049,B006,395.5
B049,B007,362.7
B049,B008,404.0
B049,B009,412.1
B049,B010,424.2
B049,B011,372.4
B049,B012,394.9
B049,B013,406.0
B049,B014,386.4
B049,B015,392.4
B049,B016,368.6
B049,B017,434.0
B049,B018,363.3
B049,B019,416.1
B049,B020,391.9
B049,B021,199.4
B049,B022,231.6
B049,B023,205.7
B049,B024,219.7
B049,B025,225.3
B049,B026,206.1
B049,B027,199.8
B049,B028,214.9
B049,B029,200.8
B049,B030,227.3
B049,B031,716.4
B049,B032,717.3
B049,B033,659.7
B049,B034,704.7
B049,B035,739.6
B049,B036,623.6
B049,B037,656.4
B049,B038,646.8
B049,B039,674.5
B049,B040,713.9
B049,B041,21.6
B049,B042,26.4
B049,B043,10.8
B049,B044,31.3
B049,B045,16.8
B049,B046,17.4
B049,B047,18.9
B049,B048,9.9
B049,B049,0.0
B049,B050,25.1
B049,B051,1491.6
B049,B052,1550.7
B049,B053,1545.3
B049,B054,1792.2
B049,B055,1699.3
B049,B056,223.9
B049,B057,203.4
B049,B058,210.6
B049,B059,231.9
B049,B060,215.6
B050,B001,434.6
B050,B002,414.2
B050,B003,404.1
B050,B004,415.5
B050,B005,445.4
B050,B006,397.9
B050,B007,409.9
B050,B008,438.6
B050,B009,378.8
B050,B010,439.6
B050,B011,364.6
B050,B012,412.4
B050,B013,433.6
B050,B014,407.1
B050,B015,389.7
B050,B016,410.1
B050,B017,377.2
B050,B018,381.5
B050,B019,381.5
B050,B020,401.8
B050,B021,210.6
B050,B022,212.8
B050,B023,245.1
B050,B024,206.0
B050,B025,222.3
B050,B026,222.9
B050,B027,207.4
B050,B028,217.5
B050,B029,210.6
B050,B030,193.2
B050,B031,752.2
B050,B032,741.7
B050,B033,729.1
B050,B034,734.6
B050,B035,742.3
B050,B036,664.5
B050,B037,703.0
B050,B038,705.7
B050,B039,664.4
B050,B040,650.3
B050,B041,36.8
B050,B042,46.2
B050,B043,25.9
B050,B044,38.4
B050,B045,5.9
B050,B046,11.2
B050,B047,38.0
B050,B048,20.4
B050,B049,25.7
B050,B050,0.0
B050,B051,1764.3
B050,B052,1774.6
B050,B053,1755.8
B050,B054,1793.5
B050,B055,1628.1
B050,B056,203.0
B050,B057,211.0
B050,B058,224.2
B050,B059,218.8
B050,B060,210.2
B051,B001,1529.8
B051,B002,1320.9
B051,B003,1524.0
B051,B004,1493.2
B051,B005,1450.1
B051,B006,1450.8
B051,B007,1368.3
B051,B008,1441.2
B051,B009,1315.6
B051,B010,1520.1
B051,B011,1361.2
B051,B012,1347.8
B051,B013,1459.7
B051,B014,1457.1
B051,B015,1405.6
B051,B016,1452.9
B051,B017,1313.2
B051,B018,1461.3
B051,B019,1337.9
B051,B020,1342.8
B051,B021,1386.8
B051,B022,1422.8
B051,B023,1421.1
B051,B024,1474.5
B051,B025,1382.2
B051,B026,1379.9
B051,B027,1488.0
B051,B028,1378.4
B051,B029,1540.8
B051,B030,1618.2
B051,B031,970.0
B051,B032,1053.5
B051,B033,896.3
B051,B034,898.2
B051,B035,1030.6
B051,B036,1037.8
B051,B037,1053.2
B051,B038,894.9
B051,B039,1029.7
B051,B040,960.7
B051,B041,1561.7
B051,B042,1517.5
B051,B043,1793.5
B051,B044,1501.1
B051,B045,1746.6
B051,B046,1682.1
B051,B047,1703.1
B051,B048,1707.1
B051,B049,1751.0
B051,B050,1537.4
B051,B051,0.0
B051,B052,12.9
B051,B053,17.9
B051,B054,7.6
B051,B055,19.8
B051,B056,1580.4
B051,B057,1631.4
B051,B058,1542.2
B051,B059,1541.8
B051,B060,1831.6
B052,B001,1346.3
B052,B002,1538.1
B052,B003,1521.2
B052,B004,1314.2
B052,B005,1467.0
B052,B006,1425.8
B052,B007,1466.1
B052,B008,1283.6
B052,B009,1312.6
B052,B010,1275.9
B052,B011,1443.0
B052,B012,1550.9
B052,B013,1444.7
B052,B014,1468.4
B052,B015,1552.8
B052,B016,1461.9
B052,B017,1276.1
B052,B018,1511.9
B052,B019,1360.5
B052,B020,1263.9
B052,B021,1486.9
B052,B022,1598.0
B052,B023,1396.9
B052,B024,1483.0
B052,B025,1374.9
B052,B026,1337.7
B052,B027,1349.5
B052,B028,1553.8
B052,B029,1590.0
B052,B030,1377.8
B052,B031,939.8
B052,B032,912.9
B052,B033,879.6
B052,B034,996.0
B052,B035,1023.2
B052,B036,1012.3
B052,B037,960.4
B052,B038,989.7
B052,B039,893.6
B052,B040,914.0
B052,B041,1762.8
B052,B042,1705.6
B052,B043,1766.4
B052,B044,1778.4
B052,B045,1685.4
B052,B046,1773.5
B052,B047,1596.6
B052,B048,1472.5
B052,B049,1488.3
B052,B050,1510.4
B052,B051,13.2
B052,B052,0.0
B052,B053,7.9
B052,B054,8.4
B052,B055,9.6
B052,B056,1713.1
B052,B057,1565.6
B052,B058,1767.2
B052,B059,1639.2
B052,B060,1523.0
B053,B001,1339.5
B053,B002,1357.3
B053,B003,1331.1
B053,B004,1505.9
B053,B005,1481.8
B053,B006,1454.5
B053,B007,1312.2
B053,B008,1484.6
B053,B009,1451.5
B053,B010,1310.8
B053,B011,1457.6
B053,B012,1410.8
B053,B013,1381.8
B053,B014,1301.7
B053,B015,1422.9
B053,B016,1300.6
B053,B017,1312.9
B053,B018,1306.9
B053,B019,1527.7
B053,B020,1344.6
B053,B021,1444.3
B053,B022,1419.8
B053,B023,1588.0
B053,B024,1507.0
B053,B025,1597.0
B053,B026,1411.4
B053,B027,1362.0
B053,B028,1505.7
B053,B029,1438.9
B053,B030,1576.0
B053,B031,1058.5
B053,B032,969.3
B053,B033,1065.8
B053,B034,998.4
B053,B035,941.1
B053,B036,983.5
B053,B037,893.7
B053,B038,1041.0
B053,B039,897.3
B053,B040,946.7
B053,B041,1646.5
B053,B042,1474.9
B053,B043,1494.0
B053,B044,1708.6
B053,B045,1498.6
B053,B046,1628.6
B053,B047,1573.7
B053,B048,1548.3
B053,B049,1531.8
B053,B050,1727.3
B053,B051,19.1
B053,B052,7.6
B053,B053,0.0
B053,B054,10.6
B053,B055,5.1
B053,B056,1732.8
B053,B057,1757.8
B053,B058,1754.8
B053,B059,1798.6
B053,B060,1684.1
B054,B001,1411.2
B054,B002,1356.3
B054,B003,1284.8
B054,B004,1465.1
B054,B005,1278.0
B054,B006,1337.7
B054,B007,1300.4
B054,B008,1312.9
B054,B009,1441.7
B054,B010,1432.8
B054,B011,1394.2
B054,B012,1300.3
B054,B013,1381.0
B054,B014,1370.5
B054,B015,1481.1
B054,B016,1437.0
B054,B017,1405.9
B054,B018,1407.8
B054,B019,1532.1
B054,B020,1478.0
B054,B021,1486.4
B054,B022,1466.0
B054,B023,1331.5
B054,B024,1619.8
B054,B025,1420.1
B054,B026,1398.4
B054,B027,1623.0
B054,B028,1554.0
B054,B029,1350.2
B054,B030,1356.0
B054,B031,890.7
B054,B032,994.4
B054,B033,890.8
B054,B034,1073.9
B054,B035,1072.8
B054,B036,995.0
B054,B037,1008.2
B054,B038,940.8
B054,B039,890.2
B054,B040,1031.5
B054,B041,1495.9
B054,B042,1488.9
B054,B043,1569.8
B054,B044,1484.0
B054,B045,1617.5
B054,B046,1704.2
B054,B047,1724.4
B054,B048,1671.7
B054,B049,1747.0
B054,B050,1610.3
B054,B051,8.3
B054,B052,8.1
B054,B053,9.2
B054,B054,0.0
B054,B055,15.0
B054,B056,1609.8
B054,B057,1527.7
B054,B058,1599.8
B054,B059,1646.0
B054,B060,1640.0
B055,B001,1406.2
B055,B002,1510.8
B055,B003,1334.5
B055,B004,1421.7
B055,B005,1361.9
B055,B006,1488.0
B055,B007,1315.9
B055,B008,1286.1
B055,B009,1401.0
B055,B010,1442.3
B055,B011,1497.6
B055,B012,1439.1
B055,B013,1473.6
B055,B014,1379.2
B055,B015,1283.7
B055,B016,1303.6
B055,B017,1276.0
B055,B018,1360.7
B055,B019,1397.6
B055,B020,1363.0
B055,B021,1504.1
B055,B022,1465.2
B055,B023,1521.8
B055,B024,1536.5
B055,B025,1418.6
B055,B026,1423.7
B055,B027,1499.5
B055,B028,1516.3
B055,B029,1428.4
B055,B030,1434.6
B055,B031,1020.4
B055,B032,1001.9
B055,B033,901.5
B055,B034,974.8
B055,B035,1062.1
B055,B036,892.9
B055,B037,1053.2
B055,B038,913.9
B055,B039,975.0
B055,B040,968.0
B055,B041,1464.7
B055,B042,1756.6
B055,B043,1615.1
B055,B044,1791.9
B055,B045,1567.7
B055,B046,1754.4
B055,B047,1762.0
B055,B048,1654.5
B055,B049,1535.0
B055,B050,1700.2
B055,B051,21.7
B055,B052,9.8
B055,B053,4.9
B055,B054,13.1
B055,B055,0.0
B055,B056,1561.7
B055,B057,1752.4
B055,B058,1844.1
B055,B059,1529.6
B055,B060,1769.3
B056,B001,364.3
B056,B002,301.6
B056,B003,317.2
B056,B004,335.3
B056,B005,344.1
B056,B006,307.7
B056,B007,348.1
B056,B008,340.9
B056,B009,361.5
B056,B010,368.4
B056,B011,344.7
B056,B012,327.7
B056,B013,325.1
B056,B014,328.4
B056,B015,294.3
B056,B016,338.3
B056,B017,309.7
B056,B018,332.5
B056,B019,305.7
B056,B020,316.7
B056,B021,352.7
B056,B022,387.3
B056,B023,404.5
B056,B024,337.8
B056,B025,406.5
B056,B026,408.5
B056,B027,364.8
B056,B028,377.4
B056,B029,362.9
B056,B030,347.3
B056,B031,743.1
B056,B032,685.6
B056,B033,805.8
B056,B034,797.5
B056,B035,782.5
B056,B036,745.6
B056,B037,745.2
B056,B038,813.3
B056,B039,710.4
B056,B040,674.2
B056,B041,226.1
B056,B042,215.8
B056,B043,215.1
B056,B044,188.0
B056,B045,226.2
B056,B046,213.4
B056,B047,208.0
B056,B048,196.8
B056,B049,212.8
B056,B050,240.1
B056,B051,1631.2
B056,B052,1743.0
B056,B053,1771.5
B056,B054,1627.7
B056,B055,1791.8
B056,B056,0.0
B056,B057,18.1
B056,B058,15.6
B056,B059,17.4
B056,B060,10.6
B057,B001,368.3
B057,B002,348.0
B057,B003,373.7
B057,B004,348.2
B057,B005,301.5
B057,B006,356.0
B057,B007,322.5
B057,B008,358.5
B057,B009,301.0
B057,B010,327.6
B057,B011,340.1
B057,B012,345.0
B057,B013,349.7
B057,B014,314.4
B057,B015,307.2
B057,B016,357.8
B057,B017,329.5
B057,B018,327.6
B057,B019,338.8
B057,B020,323.7
B057,B021,383.1
B057,B022,379.3
B057,B023,414.2
B057,B024,407.8
B057,B025,419.6
B057,B026,392.2
B057,B027,378.5
B057,B028,387.4
B057,B029,401.9
B057,B030,384.2
B057,B031,771.2
B057,B032,787.6
B057,B033,778.4
B057,B034,774.2
B057,B035,694.9
B057,B036,738.8
B057,B037,752.4
B057,B038,670.1
B057,B039,804.3
B057,B040,755.6
B057,B041,213.2
B057,B042,245.0
B057,B043,240.0
B057,B044,226.7
B057,B045,223.9
B057,B046,247.3
B057,B047,224.9
B057,B048,226.8
B057,B049,203.2
B057,B050,236.8
B057,B051,1761.9
B057,B052,1707.3
B057,B053,1685.8
B057,B054,1792.2
B057,B055,1746.5
B057,B056,16.7
B057,B057,0.0
B057,B058,3.2
B057,B059,9.6
B057,B060,18.2
B058,B001,366.1
B058,B002,356.2
B058,B003,360.3
B058,B004,328.6
B058,B005,311.0
B058,B006,338.6
B058,B007,342.2
B058,B008,339.5
B058,B009,357.7
B058,B010,314.7
B058,B011,315.4
B058,B012,325.6
B058,B013,336.2
B058,B014,301.1
B058,B015,296.5
B058,B016,348.5
B058,B017,331.8
B058,B018,300.5
B058,B019,302.2
B058,B020,327.2
B058,B021,352.6
B058,B022,399.1
B058,B023,410.6
B058,B024,355.5
B058,B025,392.2
B058,B026,359.4
B058,B027,366.9
B058,B028,399.9
B058,B029,378.7
B058,B030,407.6
B058,B031,699.8
B058,B032,723.6
B058,B033,746.4
B058,B034,733.9
B058,B035,810.1
B058,B036,681.1
B058,B037,790.3
B058,B038,797.2
B058,B039,757.7
B058,B040,715.2
B058,B041,230.3
B058,B042,220.0
B058,B043,242.8
B058,B044,214.6
B058,B045,247.4
B058,B046,235.8
B058,B047,228.6
B058,B048,232.2
B058,B049,225.0
B058,B050,247.8
B058,B051,1580.7
B058,B052,1843.1
B058,B053,1791.3
B058,B054,1808.3
B058,B055,1678.6
B058,B056,16.5
B058,B057,2.8
B058,B058,0.0
B058,B059,11.9
B058,B060,15.3
B059,B001,325.9
B059,B002,329.5
B059,B003,334.9
B059,B004,318.6
B059,B005,358.8
B059,B006,323.5
B059,B007,345.5
B059,B008,313.4
B059,B009,355.6
B059,B010,366.0
B059,B011,321.1
B059,B012,344.3
B059,B013,373.9
B059,B014,351.1
B059,B015,316.0
B059,B016,329.9
B059,B017,356.1
B059,B018,320.9
B059,B019,359.6
B059,B020,321.9
B059,B021,403.7
B059,B022,354.0
B059,B023,354.7
B059,B024,415.9
B059,B025,416.3
B059,B026,418.4
B059,B027,419.1
B059,B028,368.9
B059,B029,361.7
B059,B030,352.6
B059,B031,745.1
B059,B032,711.3
B059,B033,820.9
B059,B034,667.7
B059,B035,688.3
B059,B036,704.7
B059,B037,698.0
B059,B038,706.5
B059,B039,777.7
B059,B040,717.0
B059,B041,235.8
B059,B042,248.6
B059,B043,234.8
B059,B044,223.8
B059,B045,222.6
B059,B046,215.2
B059,B047,220.7
B059,B048,244.4
B059,B049,231.2
B059,B050,219.8
B059,B051,1675.1
B059,B052,1801.5
B059,B053,1747.4
B059,B054,1711.6
B059,B055,1819.0
B059,B056,20.0
B059,B057,9.5
B059,B058,10.6
B059,B059,0.0
B059,B060,11.4
B060,B001,371.5
B060,B002,340.5
B060,B003,342.2
B060,B004,332.8
B060,B005,308.6
B060,B006,362.9
B060,B007,311.6
B060,B008,364.3
B060,B009,340.8
B060,B010,331.2
B060,B011,297.7
B060,B012,351.6
B060,B013,323.8
B060,B014,302.3
B060,B015,340.5
B060,B016,322.0
B060,B017,330.8
B060,B018,318.8
B060,B019,364.2
B060,B020,320.6
B060,B021,354.4
B060,B022,367.2
B060,B023,363.2
B060,B024,360.4
B060,B025,351.5
B060,B026,358.3
B060,B027,373.9
B060,B028,397.3
B060,B029,340.6
B060,B030,354.9
B060,B031,804.3
B060,B032,810.8
B060,B033,780.8
B060,B034,701.4
B060,B035,728.0
B060,B036,698.2
B060,B037,686.3
B060,B038,728.2
B060,B039,764.2
B060,B040,720.6
B060,B041,230.6
B060,B042,216.6
B060,B043,218.3
B060,B044,222.8
B060,B045,240.8
B060,B046,218.0
B060,B047,227.4
B060,B048,209.0
B060,B049,201.2
B060,B050,235.8
B060,B051,1579.6
B060,B052,1662.3
B060,B053,1685.3
B060,B054,1583.6
B060,B055,1551.2
B060,B056,11.3
B060,B057,18.1
B060,B058,16.9
B060,B059,12.0
B060,B060,0.0
