sensor_id,building_id,building_type,timestamp,actual_rul,raw_predictions,calibrated_global,calibrated_by_type
SEN_010,B010,warehouse,2025-10-01,62,71.73929821735003,71.76942177363435,54.11507588029704
SEN_003,B003,warehouse,2025-10-01,87,86.38700705165341,86.41713060793774,68.76278471460043
SEN_012,B012,office,2025-10-01,24,19.310574848590715,19.34069840487504,15.789086020692553
SEN_004,B004,warehouse,2025-10-01,5,17.597966076053225,17.628089632337552,0.0
SEN_005,B005,warehouse,2025-10-01,69,82.38148809789793,82.41161165418225,64.75726576084494
SEN_011,B011,hospital,2025-10-01,37,34.11796947523457,34.14809303151889,33.68423309850504
SEN_001,B001,hospital,2025-10-01,155,158.18235984578683,158.21248340207117,157.7486234690573
SEN_001,B001,hospital,2025-10-02,154,155.10479787090512,155.13492142718945,154.67106149417558
SEN_004,B004,warehouse,2025-10-02,4,17.27962715607849,17.309750712362817,0.0
SEN_010,B010,warehouse,2025-10-02,61,70.13270376488087,70.1628273211652,52.50848142782789
SEN_011,B011,hospital,2025-10-02,36,34.32542137178429,34.35554492806861,33.89168499505476
SEN_012,B012,office,2025-10-02,23,25.783911696270636,25.814035252554962,22.262422868372475
SEN_005,B005,warehouse,2025-10-02,68,81.6931301355425,81.72325369182683,64.06890779848952
SEN_003,B003,warehouse,2025-10-02,86,84.47493439780699,84.50505795409131,66.850712060754
SEN_001,B001,hospital,2025-10-03,153,153.90243695867773,153.93256051496206,153.46870058194818
SEN_003,B003,warehouse,2025-10-03,85,87.09515969909452,87.12528325537885,69.47093736204154
SEN_005,B005,warehouse,2025-10-03,67,82.65996361539642,82.69008717168074,65.03574127834344
SEN_012,B012,office,2025-10-03,22,22.907744178676833,22.93786773496116,19.386255350778672
SEN_010,B010,warehouse,2025-10-03,60,71.08630589953964,71.11642945582396,53.462083562486654
SEN_004,B004,warehouse,2025-10-03,3,18.74482907616617,18.774952632450496,1.1206067391131853
SEN_011,B011,hospital,2025-10-03,35,34.327536440484145,34.35765999676847,33.89380006375462
SEN_004,B004,warehouse,2025-10-04,2,21.418017255671444,21.44814081195577,3.7937949186184596
SEN_011,B011,hospital,2025-10-04,34,33.87675107950765,33.90687463579197,33.44301470277812
SEN_001,B001,hospital,2025-10-04,152,154.00064908415868,154.03077264044302,153.56691270742914
SEN_010,B010,warehouse,2025-10-04,59,69.46944032278402,69.49956387906835,51.84521798573104
SEN_003,B003,warehouse,2025-10-04,84,85.64964519577916,85.67976875206348,68.02542285872617
SEN_012,B012,office,2025-10-04,21,22.175129542403347,22.205253098687674,18.653640714505187
SEN_005,B005,warehouse,2025-10-04,66,81.340841591092,81.37096514737632,63.71661925403902
SEN_005,B005,warehouse,2025-10-05,65,81.25971850703367,81.28984206331799,63.635496169980684
SEN_011,B011,hospital,2025-10-05,33,31.86713102635776,31.897254582642088,31.433394649628234
SEN_001,B001,hospital,2025-10-05,151,146.45392361421497,146.4840471704993,146.02018723748543
SEN_004,B004,warehouse,2025-10-05,1,17.31775139768067,17.347874953964997,0.0
SEN_012,B012,office,2025-10-05,20,22.59765312454295,22.627776680827278,19.07616429664479
SEN_003,B003,warehouse,2025-10-05,83,83.30453714994991,83.33466070623423,65.68031481289692
SEN_010,B010,warehouse,2025-10-05,58,69.98323176493719,70.01335532122151,52.3590094278842
SEN_005,B005,warehouse,2025-10-06,64,78.77772433118525,78.80784788746958,61.15350199413227
SEN_011,B011,hospital,2025-10-06,32,35.435682155265305,35.46580571154963,35.00194577853578
SEN_003,B003,warehouse,2025-10-06,82,82.66482892140637,82.69495247769069,65.04060658435338
SEN_010,B010,warehouse,2025-10-06,57,70.18239982478637,70.2125233810707,52.55817748773339
SEN_012,B012,office,2025-10-06,19,23.50725554662232,23.537379102906648,19.98576671872416
SEN_004,B004,warehouse,2025-10-06,0,18.452700949653316,18.482824505937643,0.8284786126003318
SEN_001,B001,hospital,2025-10-06,150,145.0399188466636,145.07004240294793,144.60618246993405
SEN_003,B003,warehouse,2025-10-07,81,82.80687489222649,82.83699844851081,65.1826525551735
SEN_011,B011,hospital,2025-10-07,31,31.691781853060526,31.721905409344853,31.258045476331
SEN_001,B001,hospital,2025-10-07,149,150.51332788658004,150.54345144286438,150.0795915098505
SEN_010,B010,warehouse,2025-10-07,56,68.51449070039126,68.54461425667559,50.89026836333828
SEN_005,B005,warehouse,2025-10-07,63,77.88807714364192,77.91820069992625,60.26385480658894
SEN_012,B012,office,2025-10-07,18,16.685562538155327,16.715686094439654,13.164073710257165
SEN_011,B011,hospital,2025-10-08,30,32.06616756994397,32.096291126228294,31.632431193214444
SEN_001,B001,hospital,2025-10-08,148,146.88725663613786,146.9173801924222,146.45352025940832
SEN_012,B012,office,2025-10-08,17,15.452162132752578,15.482285689036903,11.930673304854416
SEN_005,B005,warehouse,2025-10-08,62,77.65445841808692,77.68458197437124,60.030236081033934
SEN_003,B003,warehouse,2025-10-08,80,82.79735396016676,82.82747751645108,65.17313162311378
SEN_010,B010,warehouse,2025-10-08,55,68.32906059301574,68.35918414930006,50.704838255962756
SEN_005,B005,warehouse,2025-10-09,61,77.61207092749234,77.64219448377666,59.987848590439356
SEN_011,B011,hospital,2025-10-09,29,33.34241649952098,33.3725400558053,32.90868012279145
SEN_012,B012,office,2025-10-09,16,18.83659096269246,18.866714518976785,15.315102134794296
SEN_003,B003,warehouse,2025-10-09,79,81.77949850492226,81.80962206120658,64.15527616786927
SEN_001,B001,hospital,2025-10-09,147,147.81460280419356,147.8447263604779,147.380866427464
SEN_010,B010,warehouse,2025-10-09,54,64.2925328561662,64.32265641245053,46.66831051911322
SEN_012,B012,office,2025-10-10,15,18.822236557264645,18.852360113548972,15.300747729366483
SEN_011,B011,hospital,2025-10-10,28,33.33438698440749,33.36451054069181,32.90065060767796
SEN_005,B005,warehouse,2025-10-10,60,77.66567197068666,77.69579552697098,60.041449633633675
SEN_010,B010,warehouse,2025-10-10,53,61.47875904162523,61.508882597909555,43.85453670457225
SEN_003,B003,warehouse,2025-10-10,78,82.84466280794152,82.87478636422584,65.22044047088853
SEN_001,B001,hospital,2025-10-10,146,146.82006462801442,146.85018818429876,146.38632825128488
SEN_010,B010,warehouse,2025-10-11,52,60.856096083259686,60.88621963954401,43.2318737462067
SEN_012,B012,office,2025-10-11,14,16.811155235306753,16.84127879159108,13.28966640740859
SEN_011,B011,hospital,2025-10-11,27,31.712105980645838,31.742229536930164,31.27836960391631
SEN_003,B003,warehouse,2025-10-11,77,80.44432624179296,80.47444979807729,62.82010390473998
SEN_001,B001,hospital,2025-10-11,145,145.2716319602477,145.30175551653204,144.83789558351816
SEN_005,B005,warehouse,2025-10-11,59,76.4272326564098,76.45735621269412,58.803010319356815
SEN_001,B001,hospital,2025-10-12,144,141.43537277319206,141.4654963294764,141.00163639646252
SEN_012,B012,office,2025-10-12,13,16.59261702560607,16.622740581890397,13.071128197707909
SEN_005,B005,warehouse,2025-10-12,58,76.66731234404405,76.69743590032837,59.043090006991065
SEN_010,B010,warehouse,2025-10-12,51,59.85187915512622,59.88200271141054,42.227656818073235
SEN_011,B011,hospital,2025-10-12,26,31.165954544081757,31.196078100366083,30.73221816735223
SEN_003,B003,warehouse,2025-10-12,76,80.82520387276071,80.85532742904503,63.200981535707726
SEN_010,B010,warehouse,2025-10-13,50,61.389664680035736,61.41978823632006,43.76544234298275
SEN_011,B011,hospital,2025-10-13,25,30.93059737159777,30.960720927882097,30.496860994868243
SEN_003,B003,warehouse,2025-10-13,75,78.55047042995452,78.58059398623884,60.92624809290153
SEN_001,B001,hospital,2025-10-13,143,142.77365542484074,142.80377898112508,142.3399190481112
SEN_012,B012,office,2025-10-13,12,15.643860868763952,15.673984425048276,12.12237204086579
SEN_005,B005,warehouse,2025-10-13,57,76.38435279836447,76.4144763546488,58.76013046131149
SEN_005,B005,warehouse,2025-10-14,56,75.65803033577942,75.68815389206374,58.03380799872643
SEN_012,B012,office,2025-10-14,11,14.43921634154693,14.469339897831254,10.917727513648767
SEN_010,B010,warehouse,2025-10-14,49,60.54755514171544,60.577678697999765,42.92333280466246
SEN_011,B011,hospital,2025-10-14,24,30.022003376485586,30.052126932769912,29.58826699975606
SEN_001,B001,hospital,2025-10-14,142,136.35669553708672,136.38681909337106,135.92295916035718
SEN_003,B003,warehouse,2025-10-14,74,77.28074846500918,77.3108720212935,59.6565261279562
SEN_011,B011,hospital,2025-10-15,23,28.69919376721935,28.729317323503675,28.26545739048982
SEN_012,B012,office,2025-10-15,10,14.347542729390897,14.377666285675222,10.826053901492735
SEN_010,B010,warehouse,2025-10-15,48,59.74881210261606,59.77893565890038,42.12458976556307
SEN_005,B005,warehouse,2025-10-15,55,75.37713281927701,75.40725637556133,57.752910482224024
SEN_001,B001,hospital,2025-10-15,141,141.438091413303,141.46821496958734,141.00435503657346
SEN_003,B003,warehouse,2025-10-15,73,77.09560853179636,77.12573208808068,59.471386194743374
SEN_012,B012,office,2025-10-16,9,11.600749390445863,11.630872946730188,8.0792605625477
SEN_011,B011,hospital,2025-10-16,22,29.40044339534326,29.430566951627586,28.966707018613732
SEN_010,B010,warehouse,2025-10-16,47,60.181406131578065,60.21152968786239,42.55718379452508
SEN_001,B001,hospital,2025-10-16,140,139.7994860822618,139.82960963854615,139.36574970553227
SEN_005,B005,warehouse,2025-10-16,54,76.00826108661941,76.03838464290374,58.38403874956643
SEN_003,B003,warehouse,2025-10-16,72,77.62019194591497,77.65031550219929,59.995969608861984
SEN_010,B010,warehouse,2025-10-17,46,60.464949670578335,60.49507322686266,42.84072733352535
SEN_012,B012,office,2025-10-17,8,12.108044591790224,12.138168148074548,8.586555763892061
SEN_005,B005,warehouse,2025-10-17,53,74.98637658553334,75.01650014181766,57.36215424848035
SEN_011,B011,hospital,2025-10-17,21,29.290967563867092,29.32109112015142,28.857231187137565
SEN_001,B001,hospital,2025-10-17,139,137.99339281685968,138.02351637314402,137.55965644013014
SEN_003,B003,warehouse,2025-10-17,71,78.01594422903158,78.0460677853159,60.39172189197859
SEN_011,B011,hospital,2025-10-18,20,28.56591646729464,28.59604002357897,28.132180090565114
SEN_001,B001,hospital,2025-10-18,138,138.4155681453269,138.44569170161122,137.98183176859735
SEN_005,B005,warehouse,2025-10-18,52,74.63793669535147,74.6680602516358,57.013714358298486
SEN_012,B012,office,2025-10-18,7,11.132007969690616,11.16213152597494,7.610519141792453
SEN_003,B003,warehouse,2025-10-18,70,75.10766352467964,75.13778708096396,57.48344118762665
SEN_010,B010,warehouse,2025-10-18,45,60.24486967667267,60.274993232956994,42.62064733961969
SEN_010,B010,warehouse,2025-10-19,44,59.298505514271774,59.3286290705561,41.67428317721879
SEN_012,B012,office,2025-10-19,6,10.919947196013217,10.950070752297542,7.398458368115055
SEN_005,B005,warehouse,2025-10-19,51,66.39022485230923,66.42034840859355,48.76600251525625
SEN_003,B003,warehouse,2025-10-19,69,76.69668327248846,76.72680682877278,59.07246093543547
SEN_001,B001,hospital,2025-10-19,137,139.98962685393855,140.01975041022288,139.555890477209
SEN_011,B011,hospital,2025-10-19,19,28.90213422526038,28.932257781544706,28.468397848530852
SEN_005,B005,warehouse,2025-10-20,50,67.34705098968217,67.3771745459665,49.72282865262919
SEN_003,B003,warehouse,2025-10-20,68,76.0814103485901,76.11153390487442,58.45718801153711
SEN_010,B010,warehouse,2025-10-20,43,58.01335816939612,58.043481725680444,40.389135832343136
SEN_011,B011,hospital,2025-10-20,18,29.220761094601716,29.250884650886043,28.78702471787219
SEN_012,B012,office,2025-10-20,5,10.685564066807274,10.715687623091599,7.164075238909112
SEN_001,B001,hospital,2025-10-20,136,141.00716775183471,141.03729130811905,140.57343137510517
SEN_005,B005,warehouse,2025-10-21,49,66.15107199341143,66.18119554969576,48.52684965635845
SEN_001,B001,hospital,2025-10-21,135,138.6309211461284,138.66104470241274,138.19718476939886
SEN_003,B003,warehouse,2025-10-21,67,76.14147458337668,76.171598139661,58.51725224632369
SEN_012,B012,office,2025-10-21,4,9.989847241798463,10.019970798082788,6.468358413900301
SEN_011,B011,hospital,2025-10-21,17,26.359341743786672,26.389465300071,25.925605367057145
SEN_010,B010,warehouse,2025-10-21,42,59.99612637289533,60.026249929179656,42.37190403584235
SEN_012,B012,office,2025-10-22,3,10.561435324299453,10.591558880583777,7.03994649640129
SEN_005,B005,warehouse,2025-10-22,48,66.28186552863414,66.31198908491847,48.65764319158116
SEN_011,B011,hospital,2025-10-22,16,26.431299435544812,26.46142299182914,25.997563058815285
SEN_001,B001,hospital,2025-10-22,134,129.70972078470157,129.7398443409859,129.27598440797203
SEN_010,B010,warehouse,2025-10-22,41,58.12419287994966,58.154316436233984,40.499970542896676
SEN_003,B003,warehouse,2025-10-22,66,75.63898163741595,75.66910519370028,58.01475930036297
SEN_011,B011,hospital,2025-10-23,15,26.332741991956095,26.36286554824042,25.899005615226567
SEN_005,B005,warehouse,2025-10-23,47,65.76892758635573,65.79905114264005,48.144705249302746
SEN_012,B012,office,2025-10-23,2,8.88795551915598,8.918079075440305,5.366466691257818
SEN_001,B001,hospital,2025-10-23,133,139.2346233707729,139.26474692705725,138.80088699404337
SEN_003,B003,warehouse,2025-10-23,65,75.12184764646871,75.15197120275303,57.497625309415724
SEN_010,B010,warehouse,2025-10-23,40,56.04094737627677,56.07107093256109,38.416725039223785
SEN_001,B001,hospital,2025-10-24,132,123.91843241864026,123.94855597492459,123.48469604191074
SEN_010,B010,warehouse,2025-10-24,39,56.16367855436484,56.193802110649166,38.53945621731186
SEN_012,B012,office,2025-10-24,1,9.066658008233384,9.096781564517709,5.545169180335222
SEN_005,B005,warehouse,2025-10-24,46,63.679104636332426,63.70922819261675,46.05488229927944
SEN_003,B003,warehouse,2025-10-24,64,78.74857967549892,78.77870323178324,61.12435733844593
SEN_011,B011,hospital,2025-10-24,14,25.366412148064903,25.39653570434923,24.932675771335376
SEN_001,B001,hospital,2025-10-25,131,123.60965231161465,123.63977586789898,123.17591593488513
SEN_005,B005,warehouse,2025-10-25,45,63.76252134551192,63.792644901796244,46.13829900845894
SEN_003,B003,warehouse,2025-10-25,63,76.80006709402747,76.83019065031179,59.175844756974485
SEN_010,B010,warehouse,2025-10-25,38,56.7969193911196,56.827042947403925,39.17269705406662
SEN_012,B012,office,2025-10-25,0,9.17179806063316,9.201921616917485,5.6503092327349975
SEN_011,B011,hospital,2025-10-25,13,26.391538076821796,26.421661633106122,25.95780170009227
SEN_001,B001,hospital,2025-10-26,130,121.89242891486883,121.92255247115315,121.4586925381393
SEN_005,B005,warehouse,2025-10-26,44,63.61495570849781,63.64507926478213,45.990733371444826
SEN_003,B003,warehouse,2025-10-26,62,77.76672878528632,77.79685234157064,60.142506448233334
SEN_010,B010,warehouse,2025-10-26,37,56.66708684047964,56.697210396763964,39.04286450342666
SEN_011,B011,hospital,2025-10-26,12,25.18357557976082,25.213699136045147,24.749839203031293
SEN_011,B011,hospital,2025-10-27,11,21.930919865223427,21.961043421507753,21.4971834884939
SEN_003,B003,warehouse,2025-10-27,61,76.26834611866052,76.29846967494484,58.64412378160753
SEN_001,B001,hospital,2025-10-27,129,120.19266758724513,120.22279114352945,119.7589312105156
SEN_010,B010,warehouse,2025-10-27,36,54.7063837819546,54.73650733823892,37.082161444901615
SEN_005,B005,warehouse,2025-10-27,43,63.762998779173124,63.79312233545745,46.13877644212014
SEN_003,B003,warehouse,2025-10-28,60,76.4957415532296,76.52586510951393,58.87151921617662
SEN_011,B011,hospital,2025-10-28,10,20.23344738014878,20.26357093643311,19.799711003419254
SEN_001,B001,hospital,2025-10-28,128,118.58632644057718,118.6164499968615,118.15259006384765
SEN_010,B010,warehouse,2025-10-28,35,54.15813286239759,54.18825641868192,36.53391052534461
SEN_005,B005,warehouse,2025-10-28,42,65.71890559520908,65.7490291514934,48.094683258156095
SEN_011,B011,hospital,2025-10-29,9,21.153722661630095,21.18384621791442,20.719986284900568
SEN_003,B003,warehouse,2025-10-29,59,75.87633904872028,75.9064626050046,58.2521167116673
SEN_010,B010,warehouse,2025-10-29,34,54.97977152506455,55.00989508134887,37.355549188011565
SEN_001,B001,hospital,2025-10-29,127,122.61993425120362,122.65005780748794,122.18619787447409
SEN_005,B005,warehouse,2025-10-29,41,66.193998346066,66.22412190235032,48.56977600901301
SEN_010,B010,warehouse,2025-10-30,33,52.51648938254229,52.54661293882661,34.892267045489305
SEN_011,B011,hospital,2025-10-30,8,22.036040048498215,22.066163604782542,21.602303671768688
SEN_005,B005,warehouse,2025-10-30,40,63.00389113167018,63.0340146879545,45.379668794617196
SEN_001,B001,hospital,2025-10-30,126,123.07917888504541,123.10930244132973,122.64544250831588
SEN_003,B003,warehouse,2025-10-30,58,74.29784181990873,74.32796537619305,56.67361948285574
SEN_011,B011,hospital,2025-10-31,7,20.849291775517305,20.87941533180163,20.415555398787777
SEN_001,B001,hospital,2025-10-31,125,121.21962739296043,121.24975094924476,120.7858910162309
SEN_005,B005,warehouse,2025-10-31,39,64.78543651056042,64.81556006684474,47.16121417350743
SEN_010,B010,warehouse,2025-10-31,32,53.30371105448644,53.333834610770765,35.67948871743346
SEN_003,B003,warehouse,2025-10-31,57,74.51697790694116,74.54710146322549,56.89275556988818
SEN_003,B003,warehouse,2025-11-01,56,74.6711167497835,74.70124030606782,57.04689441273051
SEN_001,B001,hospital,2025-11-01,124,124.23879934670059,124.26892290298491,123.80506296997106
SEN_005,B005,warehouse,2025-11-01,38,65.4940618035586,65.52418535984292,47.86983946650561
SEN_010,B010,warehouse,2025-11-01,31,53.9128214662322,53.942945022516525,36.28859912917922
SEN_011,B011,hospital,2025-11-01,6,21.285423548280587,21.315547104564914,20.85168717155106
SEN_005,B005,warehouse,2025-11-02,37,65.06738517980506,65.09750873608938,47.44316284275207
SEN_011,B011,hospital,2025-11-02,5,20.169851597707474,20.1999751539918,19.736115220977947
SEN_003,B003,warehouse,2025-11-02,55,75.3994994054139,75.42962296169823,57.77527706836092
SEN_010,B010,warehouse,2025-11-02,30,52.86391460417673,52.89403816046105,35.23969226712374
SEN_001,B001,hospital,2025-11-02,123,122.31861761900784,122.34874117529216,121.88488124227831
SEN_011,B011,hospital,2025-11-03,4,20.81058483020376,20.840708386488085,20.37684845347423
SEN_010,B010,warehouse,2025-11-03,29,49.027197047854315,49.05732060413864,31.40297471080133
SEN_005,B005,warehouse,2025-11-03,36,64.7244213846086,64.75454494089293,47.10019904755562
SEN_003,B003,warehouse,2025-11-03,54,73.36629179207591,73.39641534836024,55.74206945502293
SEN_001,B001,hospital,2025-11-03,122,124.38916346110584,124.41928701739016,123.95542708437631
SEN_005,B005,warehouse,2025-11-04,35,61.403906321258646,61.43402987754297,43.77968398420566
SEN_011,B011,hospital,2025-11-04,3,21.020756644706193,21.05088020099052,20.587020267976666
SEN_003,B003,warehouse,2025-11-04,53,76.02643820690443,76.05656176318875,58.402215869851446
SEN_001,B001,hospital,2025-11-04,121,125.99018606872923,126.02030962501355,125.5564496919997
SEN_010,B010,warehouse,2025-11-04,28,49.12556726199924,49.15569081828356,31.501344924946252
SEN_011,B011,hospital,2025-11-05,2,19.404267970089734,19.43439152637406,18.970531593360207
SEN_003,B003,warehouse,2025-11-05,52,76.2124431615202,76.24256671780452,58.588220824467214
SEN_001,B001,hospital,2025-11-05,120,123.5245186143842,123.55464217066853,123.09078223765468
SEN_010,B010,warehouse,2025-11-05,27,48.98539448195758,49.0155180382419,31.361172144904593
SEN_005,B005,warehouse,2025-11-05,34,62.73683039123021,62.76695394751453,45.11260805417722
SEN_005,B005,warehouse,2025-11-06,33,61.85584363215814,61.885967188442464,44.23162129510516
SEN_003,B003,warehouse,2025-11-06,51,73.41025533381786,73.44037889010218,55.786032996764874
SEN_010,B010,warehouse,2025-11-06,26,48.56512300048425,48.59524655676857,30.940900663431265
SEN_011,B011,hospital,2025-11-06,1,20.794506093106424,20.82462964939075,20.360769716376897
SEN_001,B001,hospital,2025-11-06,119,125.62998676930734,125.66011032559166,125.19625039257781
SEN_001,B001,hospital,2025-11-07,118,117.72487643071554,117.75499998699986,117.29114005398601
SEN_003,B003,warehouse,2025-11-07,50,66.39348312971686,66.42360668600118,48.76926079266387
SEN_005,B005,warehouse,2025-11-07,32,60.90713889743459,60.937262453718915,43.28291656038161
SEN_010,B010,warehouse,2025-11-07,25,48.35300588031808,48.3831294366024,30.728783543265095
SEN_011,B011,hospital,2025-11-07,0,21.78991274201794,21.820036298302266,21.356176365288412
SEN_001,B001,hospital,2025-11-08,117,119.07750779020495,119.10763134648927,118.64377141347542
SEN_010,B010,warehouse,2025-11-08,24,48.21565635799787,48.245779914282195,30.591434020944888
SEN_005,B005,warehouse,2025-11-08,31,59.59299135651502,59.623114912799345,41.96876901946204
SEN_003,B003,warehouse,2025-11-08,49,64.91350153772713,64.94362509401145,47.289279200674144
SEN_005,B005,warehouse,2025-11-09,30,57.53361599079624,57.563739547080566,39.90939365374326
SEN_003,B003,warehouse,2025-11-09,48,65.42319745871495,65.45332101499928,47.79897512166197
SEN_010,B010,warehouse,2025-11-09,23,46.369872739868825,46.39999629615315,28.74565040281584
SEN_001,B001,hospital,2025-11-09,116,120.8923338759186,120.92245743220292,120.45859749918907
SEN_005,B005,warehouse,2025-11-10,29,57.46135414607386,57.49147770235818,39.837131809020875
SEN_010,B010,warehouse,2025-11-10,22,47.750669202313986,47.78079275859831,30.126446865261002
SEN_003,B003,warehouse,2025-11-10,47,66.19475918137259,66.22488273765691,48.570536844319605
SEN_001,B001,hospital,2025-11-10,115,119.90118356511006,119.93130712139438,119.46744718838053
SEN_001,B001,hospital,2025-11-11,114,114.27424257273783,114.30436612902216,113.8405061960083
SEN_005,B005,warehouse,2025-11-11,28,54.51617588743879,54.546299443723115,36.89195355038581
SEN_010,B010,warehouse,2025-11-11,21,44.13877584850154,44.16889940478586,26.514553511448554
SEN_003,B003,warehouse,2025-11-11,46,66.00968586265354,66.03980941893786,48.38546352560056
SEN_003,B003,warehouse,2025-11-12,45,67.01971990839318,67.04984346467751,49.3954975713402
SEN_005,B005,warehouse,2025-11-12,27,53.916319111496534,53.94644266778086,36.29209677444355
SEN_001,B001,hospital,2025-11-12,113,113.36733778296426,113.39746133924858,112.93360140623473
SEN_010,B010,warehouse,2025-11-12,20,47.680422358368276,47.7105459146526,30.05620002131529
SEN_003,B003,warehouse,2025-11-13,44,62.12443987319301,62.154563429477335,44.50021753614003
SEN_001,B001,hospital,2025-11-13,112,119.18402662472565,119.21415018100997,118.75029024799612
SEN_010,B010,warehouse,2025-11-13,19,44.006421026690184,44.03654458297451,26.3821986896372
SEN_005,B005,warehouse,2025-11-13,26,53.47790859082272,53.508032147107045,35.85368625376974
SEN_003,B003,warehouse,2025-11-14,43,64.17436463925625,64.20448819554058,46.55014230220327
SEN_010,B010,warehouse,2025-11-14,18,45.909564346966384,45.93968790325071,28.2853420099134
SEN_005,B005,warehouse,2025-11-14,25,52.06510188407045,52.095225440354774,34.44087954701747
SEN_001,B001,hospital,2025-11-14,111,113.4658372461847,113.49596080246903,113.03210086945518
SEN_003,B003,warehouse,2025-11-15,42,62.327572892618946,62.35769644890327,44.70335055556596
SEN_005,B005,warehouse,2025-11-15,24,51.52731382764813,51.55743738393245,33.903091490595145
SEN_001,B001,hospital,2025-11-15,110,117.92829316367498,117.9584167199593,117.49455678694545
SEN_010,B010,warehouse,2025-11-15,17,44.141741085759456,44.17186464204378,26.517518748706472
SEN_001,B001,hospital,2025-11-16,109,112.94823843700291,112.97836199328724,112.51450206027339
SEN_005,B005,warehouse,2025-11-16,23,52.043207978874776,52.0733315351591,34.41898564182179
SEN_010,B010,warehouse,2025-11-16,16,45.22095957308848,45.2510831293728,27.596737236035494
SEN_003,B003,warehouse,2025-11-16,41,63.51624826413341,63.54637182041773,45.892025927080425
SEN_001,B001,hospital,2025-11-17,108,111.75415372194755,111.78427727823187,111.32041734521802
SEN_010,B010,warehouse,2025-11-17,15,45.46012475899784,45.490248315282166,27.83590242194486
SEN_005,B005,warehouse,2025-11-17,22,52.20544673920944,52.235570295493766,34.58122440215646
SEN_003,B003,warehouse,2025-11-17,40,63.17679211634707,63.206915672631396,45.55256977929409
SEN_001,B001,hospital,2025-11-18,107,111.3442204756005,111.37434403188482,110.91048409887097
SEN_003,B003,warehouse,2025-11-18,39,61.9951171959444,62.025240752228726,44.37089485889142
SEN_010,B010,warehouse,2025-11-18,14,43.58565384529492,43.615777401579244,25.961431508241937
SEN_005,B005,warehouse,2025-11-18,21,50.54178236272596,50.571905919010284,32.91756002567298
SEN_003,B003,warehouse,2025-11-19,38,62.544490297155455,62.57461385343978,44.92026796010247
SEN_010,B010,warehouse,2025-11-19,13,42.79735373483166,42.82747729111598,25.173131397778675
SEN_001,B001,hospital,2025-11-19,106,112.09676038339555,112.12688393967987,111.66302400666602
SEN_005,B005,warehouse,2025-11-19,20,48.86184057486397,48.89196413114829,31.237618237810985
SEN_010,B010,warehouse,2025-11-20,12,31.65794232318473,31.688065879469058,14.033719986131747
SEN_001,B001,hospital,2025-11-20,105,112.61460020274248,112.6447237590268,112.18086382601295
SEN_005,B005,warehouse,2025-11-20,19,47.62097010645119,47.65109366273551,29.996747769398205
SEN_003,B003,warehouse,2025-11-20,37,60.66097290624612,60.691096462530446,43.03675056919314
SEN_005,B005,warehouse,2025-11-21,18,41.85798202916701,41.888105585451335,24.233759692114027
SEN_003,B003,warehouse,2025-11-21,36,56.7112375268319,56.741361083116225,39.08701518977892
SEN_001,B001,hospital,2025-11-21,104,99.46378780201412,99.49391135829845,99.0300514252846
SEN_010,B010,warehouse,2025-11-21,11,35.78148924924556,35.81161280552988,18.157266912192576
SEN_001,B001,hospital,2025-11-22,103,103.10132984416627,103.1314534004506,102.66759346743675
SEN_010,B010,warehouse,2025-11-22,10,33.24631942730486,33.276442983589185,15.622097090251877
SEN_003,B003,warehouse,2025-11-22,35,55.43957808000646,55.469701636290786,37.81535574295348
SEN_005,B005,warehouse,2025-11-22,17,44.85448018740678,44.8846037436911,27.230257850353794
SEN_001,B001,hospital,2025-11-23,102,100.11019223147804,100.14031578776236,99.67645585474851
SEN_010,B010,warehouse,2025-11-23,9,35.7464924207277,35.77661597701202,18.122270083674714
SEN_005,B005,warehouse,2025-11-23,16,44.847894779824465,44.87801833610879,27.22367244277148
SEN_003,B003,warehouse,2025-11-23,34,57.255366115596686,57.28548967188101,39.6311437785437
SEN_001,B001,hospital,2025-11-24,101,99.62551861047864,99.65564216676296,99.19178223374911
SEN_010,B010,warehouse,2025-11-24,8,32.44693513334391,32.47705868962824,14.82271279629093
SEN_005,B005,warehouse,2025-11-24,15,43.38837799629563,43.418501552579954,25.764155659242647
SEN_003,B003,warehouse,2025-11-24,33,56.15032633764243,56.180449893926756,38.52610400058945
SEN_001,B001,hospital,2025-11-25,100,97.33884908438847,97.3689726406728,96.90511270765894
SEN_010,B010,warehouse,2025-11-25,7,31.44373401595717,31.473857572241496,13.819511678904185
SEN_005,B005,warehouse,2025-11-25,14,43.653835295622756,43.68395885190708,26.02961295856977
SEN_003,B003,warehouse,2025-11-25,32,55.030823847188884,55.06094740347321,37.4066015101359
SEN_001,B001,hospital,2025-11-26,99,96.23607283475494,96.26619639103926,95.80233645802541
SEN_010,B010,warehouse,2025-11-26,6,31.24438759849271,31.274511154777038,13.620165261439727
SEN_005,B005,warehouse,2025-11-26,13,43.044323276037126,43.07444683232145,25.42010093898414
SEN_003,B003,warehouse,2025-11-26,31,54.81221298025505,54.84233653653937,37.18799064320206
SEN_010,B010,warehouse,2025-11-27,5,30.31320015638282,30.343323712667146,12.688977819329835
SEN_001,B001,hospital,2025-11-27,98,96.66975826504293,96.69988182132725,96.2360218883134
SEN_003,B003,warehouse,2025-11-27,30,53.80378335871092,53.83390691499525,36.17956102165794
SEN_005,B005,warehouse,2025-11-27,12,46.182451167777856,46.21257472406218,28.55822883072487
SEN_005,B005,warehouse,2025-11-28,11,34.68705971803377,34.717183274318096,17.06283738098079
SEN_003,B003,warehouse,2025-11-28,29,51.81171513869658,51.8418386949809,34.18749280164359
SEN_001,B001,hospital,2025-11-28,97,96.41358812017901,96.44371167646334,95.97985174344949
SEN_010,B010,warehouse,2025-11-28,4,30.856089230708747,30.886212786993074,13.231866893655763
SEN_003,B003,warehouse,2025-11-29,28,49.79434164813871,49.824465204423035,32.17011931108573
SEN_005,B005,warehouse,2025-11-29,10,37.06016210449518,37.0902856607795,19.435939767442193
SEN_001,B001,hospital,2025-11-29,96,95.65329402685998,95.6834175831443,95.21955765013045
SEN_010,B010,warehouse,2025-11-29,3,31.38593730448535,31.416060860769676,13.761714967432365
SEN_010,B010,warehouse,2025-11-30,2,31.565429576282437,31.595553132566764,13.941207239229453
SEN_003,B003,warehouse,2025-11-30,27,51.04138644777585,51.07151000406017,33.417164110722865
SEN_005,B005,warehouse,2025-11-30,9,36.05129998732292,36.081423543607244,18.427077650269936
SEN_001,B001,hospital,2025-11-30,95,94.90896652481612,94.93909008110045,94.4752301480866
SEN_001,B001,hospital,2025-12-01,94,88.42442115831747,88.4545447146018,87.99068478158794
SEN_010,B010,warehouse,2025-12-01,1,23.070446225617495,23.10056978190182,5.446223888564511
SEN_005,B005,warehouse,2025-12-01,8,26.916933111047403,26.94705666733173,9.292710773994418
SEN_003,B003,warehouse,2025-12-01,26,35.043327916519395,35.07345147280372,17.41910557946641
SEN_010,B010,warehouse,2025-12-02,0,20.13702182506148,20.167145381345808,2.512799488008497
SEN_005,B005,warehouse,2025-12-02,7,22.341211322673082,22.37133487895741,4.716988985620098
SEN_003,B003,warehouse,2025-12-02,25,32.970906689719385,33.00103024600371,15.3466843526664
SEN_001,B001,hospital,2025-12-02,93,84.56506696116281,84.59519051744714,84.13133058443329
SEN_001,B001,hospital,2025-12-03,92,89.46874751634448,89.4988710726288,89.03501113961495
SEN_003,B003,warehouse,2025-12-03,24,32.28290423064927,32.313027786933596,14.658681893596288
SEN_005,B005,warehouse,2025-12-03,6,20.711191878130325,20.741315434414652,3.086969541077341
SEN_003,B003,warehouse,2025-12-04,23,32.424389053285374,32.4545126095697,14.80016671623239
SEN_005,B005,warehouse,2025-12-04,5,20.093407869886093,20.12353142617042,2.4691855328331087
SEN_001,B001,hospital,2025-12-04,91,86.418146828713,86.44827038499733,85.98441045198348
SEN_005,B005,warehouse,2025-12-05,4,18.33862600055752,18.36874955684185,0.7144036635045374
SEN_001,B001,hospital,2025-12-05,90,82.83327218412774,82.86339574041206,82.39953580739821
SEN_003,B003,warehouse,2025-12-05,22,30.654361417543,30.684484973827328,13.030139080490017
SEN_001,B001,hospital,2025-12-06,89,87.87668370581954,87.90680726210387,87.44294732909002
SEN_005,B005,warehouse,2025-12-06,3,17.639855715350155,17.66997927163448,0.015633378297170708
SEN_003,B003,warehouse,2025-12-06,21,31.303581636173636,31.333705192457963,13.679359299120652
SEN_003,B003,warehouse,2025-12-07,20,27.702159314504055,27.73228287078838,10.07793697745107
SEN_001,B001,hospital,2025-12-07,88,80.87909425524036,80.90921781152468,80.44535787851083
SEN_005,B005,warehouse,2025-12-07,2,18.377152518916184,18.40727607520051,0.7529301818631993
SEN_001,B001,hospital,2025-12-08,87,79.47116976151382,79.50129331779814,79.0374333847843
SEN_003,B003,warehouse,2025-12-08,19,25.8922754311476,25.922398987431926,8.268053094094615
SEN_005,B005,warehouse,2025-12-08,1,16.144923955562103,16.17504751184643,0.0
SEN_005,B005,warehouse,2025-12-09,0,16.87016236061439,16.900285916898717,0.0
SEN_003,B003,warehouse,2025-12-09,18,24.238620511006207,24.268744067290534,6.614398173953223
SEN_001,B001,hospital,2025-12-09,86,77.51734059215227,77.54746414843659,77.08360421542274
SEN_003,B003,warehouse,2025-12-10,17,22.894023839285058,22.924147395569385,5.269801502232074
SEN_001,B001,hospital,2025-12-10,85,77.92272224273815,77.95284579902247,77.48898586600862
SEN_001,B001,hospital,2025-12-11,84,75.6397618243232,75.66988538060752,75.20602544759367
SEN_003,B003,warehouse,2025-12-11,16,22.481705802434167,22.511829358718494,4.857483465381183
SEN_001,B001,hospital,2025-12-12,83,77.36978050335814,77.39990405964247,76.93604412662862
SEN_003,B003,warehouse,2025-12-12,15,22.411578108209156,22.441701664493483,4.787355771156172
SEN_003,B003,warehouse,2025-12-13,14,21.826461023542247,21.856584579826574,4.202238686489263
SEN_001,B001,hospital,2025-12-13,82,76.93010334100529,76.96022689728962,76.49636696427577
SEN_001,B001,hospital,2025-12-14,81,77.12307448669515,77.15319804297947,76.68933810996562
SEN_003,B003,warehouse,2025-12-14,13,22.029881542321835,22.06000509860616,4.405659205268851
SEN_001,B001,hospital,2025-12-15,80,76.58044797093149,76.61057152721581,76.14671159420196
SEN_003,B003,warehouse,2025-12-15,12,20.846965675582858,20.877089231867185,3.222743338529874
SEN_001,B001,hospital,2025-12-16,79,75.08765058841323,75.11777414469755,74.6539142116837
SEN_003,B003,warehouse,2025-12-16,11,17.38886283786404,17.418986394148366,0.0
SEN_001,B001,hospital,2025-12-17,78,67.41213277071415,67.44225632699847,66.97839639398462
SEN_003,B003,warehouse,2025-12-17,10,17.041616322186446,17.071739878470773,0.0
SEN_001,B001,hospital,2025-12-18,77,65.28724071231007,65.31736426859439,64.85350433558054
SEN_003,B003,warehouse,2025-12-18,9,17.68253038580295,17.712653942087275,0.058308048749964314
SEN_001,B001,hospital,2025-12-19,76,66.73884398946974,66.76896754575407,66.30510761274022
SEN_003,B003,warehouse,2025-12-19,8,15.87824467721958,15.908368233503905,0.0
SEN_001,B001,hospital,2025-12-20,75,67.09890821691364,67.12903177319797,66.66517184018412
SEN_003,B003,warehouse,2025-12-20,7,16.074468308623423,16.10459186490775,0.0
SEN_003,B003,warehouse,2025-12-21,6,14.755005664109895,14.78512922039422,0.0
SEN_001,B001,hospital,2025-12-21,74,67.11618341103332,67.14630696731764,66.68244703430379
SEN_003,B003,warehouse,2025-12-22,5,15.003591768394983,15.033715324679308,0.0
SEN_001,B001,hospital,2025-12-22,73,66.63116373869381,66.66128729497814,66.19742736196429
SEN_003,B003,warehouse,2025-12-23,4,11.39511632855979,11.425239884844116,0.0
SEN_001,B001,hospital,2025-12-23,72,65.83827057240048,65.8683941286848,65.40453419567095
SEN_003,B003,warehouse,2025-12-24,3,10.714644979161585,10.74476853544591,0.0
SEN_001,B001,hospital,2025-12-24,71,66.61933799074694,66.64946154703127,66.18560161401741
SEN_003,B003,warehouse,2025-12-25,2,14.764635583723651,14.794759140007976,0.0
SEN_001,B001,hospital,2025-12-25,70,65.62602887383548,65.6561524301198,65.19229249710595
SEN_003,B003,warehouse,2025-12-26,1,15.005114624102486,15.035238180386811,0.0
SEN_001,B001,hospital,2025-12-26,69,65.45698659153891,65.48711014782323,65.02325021480938
SEN_001,B001,hospital,2025-12-27,68,61.78456840382857,61.814691960112896,61.350832027099045
SEN_003,B003,warehouse,2025-12-27,0,15.153661276354256,15.183784832638581,0.0
SEN_001,B001,hospital,2025-12-28,67,64.26286480218374,64.29298835846807,63.829128425454215
SEN_001,B001,hospital,2025-12-29,66,64.09211913737826,64.12224269366259,63.658382760648735
SEN_001,B001,hospital,2025-12-30,65,58.53589685822871,58.566020414513034,58.10216048149918
SEN_001,B001,hospital,2025-12-31,64,61.085490362081664,61.11561391836599,60.65175398535214
SEN_001,B001,hospital,2026-01-01,63,54.05940959871427,54.08953315499859,53.62567322198474
SEN_001,B001,hospital,2026-01-02,62,50.92903732529974,50.95916088158406,50.49530094857021
SEN_001,B001,hospital,2026-01-03,61,50.410947037100904,50.44107059338523,49.97721066037138
SEN_001,B001,hospital,2026-01-04,60,53.83209822288601,53.86222177917033,53.39836184615648
SEN_001,B001,hospital,2026-01-05,59,51.810271413928994,51.84039497021332,51.37653503719947
SEN_001,B001,hospital,2026-01-06,58,45.950009553550906,45.98013310983523,45.51627317682138
SEN_001,B001,hospital,2026-01-07,57,47.06318192843949,47.093305484723814,46.62944555170996
SEN_001,B001,hospital,2026-01-08,56,46.73530976446488,46.7654333207492,46.30157338773535
SEN_001,B001,hospital,2026-01-09,55,46.2320165427193,46.262140099003624,45.79828016598977
SEN_001,B001,hospital,2026-01-10,54,45.82963083947337,45.85975439575769,45.39589446274384
SEN_001,B001,hospital,2026-01-11,53,44.596317077193774,44.6264406334781,44.16258070046425
SEN_001,B001,hospital,2026-01-12,52,44.222014536491244,44.25213809277557,43.78827815976172
SEN_001,B001,hospital,2026-01-13,51,42.725684152532374,42.7558077088167,42.291947775802846
SEN_001,B001,hospital,2026-01-14,50,42.560478527458265,42.59060208374259,42.12674215072874
SEN_001,B001,hospital,2026-01-15,49,41.55692973950787,41.587053295792195,41.123193362778345
SEN_001,B001,hospital,2026-01-16,48,40.73027421280362,40.760397769087945,40.296537836074094
SEN_001,B001,hospital,2026-01-17,47,42.400164342135184,42.43028789841951,41.96642796540566
SEN_001,B001,hospital,2026-01-18,46,39.065100586427135,39.09522414271146,38.63136420969761
SEN_001,B001,hospital,2026-01-19,45,38.26460750406425,38.294731060348575,37.830871127334724
SEN_001,B001,hospital,2026-01-20,44,39.55005124903097,39.580174805315295,39.116314872301444
SEN_001,B001,hospital,2026-01-21,43,41.24318078858198,41.273304344866304,40.80944441185245
SEN_001,B001,hospital,2026-01-22,42,40.907045517046605,40.93716907333093,40.47330914031708
SEN_001,B001,hospital,2026-01-23,41,40.02553945417886,40.055663010463185,39.591803077449335
SEN_001,B001,hospital,2026-01-24,40,28.22112609691733,28.251249653201658,27.787389720187804
SEN_001,B001,hospital,2026-01-25,39,31.61470067690684,31.644824233191166,31.180964300177312
SEN_001,B001,hospital,2026-01-26,38,26.136600968641282,26.16672452492561,25.702864591911755
SEN_001,B001,hospital,2026-01-27,37,27.133873407434184,27.16399696371851,26.700137030704656
SEN_001,B001,hospital,2026-01-28,36,27.98376646299337,28.013890019277696,27.550030086263842
SEN_001,B001,hospital,2026-01-29,35,27.680766312943543,27.71088986922787,27.247029936214016
SEN_001,B001,hospital,2026-01-30,34,28.49457112601585,28.524694682300176,28.06083474928632
SEN_001,B001,hospital,2026-01-31,33,28.31930615513121,28.349429711415535,27.88556977840168
SEN_001,B001,hospital,2026-02-01,32,29.952044016250138,29.982167572534465,29.51830763952061
SEN_001,B001,hospital,2026-02-02,31,28.10492035338579,28.135043909670117,27.671183976656263
SEN_001,B001,hospital,2026-02-03,30,28.831677095021288,28.861800651305614,28.39794071829176
SEN_001,B001,hospital,2026-02-04,29,28.869978902098016,28.900102458382342,28.43624252536849
SEN_001,B001,hospital,2026-02-05,28,27.64140103798653,27.671524594270856,27.207664661257002
SEN_001,B001,hospital,2026-02-06,27,26.75350091867334,26.783624474957666,26.31976454194381
SEN_001,B001,hospital,2026-02-07,26,23.989274815239515,24.01939837152384,23.555538438509988
SEN_001,B001,hospital,2026-02-08,25,24.626579111502245,24.656702667786572,24.192842734772718
SEN_001,B001,hospital,2026-02-09,24,23.66256123818975,23.692684794474076,23.22882486146022
SEN_001,B001,hospital,2026-02-10,23,23.113539471946545,23.143663028230872,22.679803095217018
SEN_001,B001,hospital,2026-02-11,22,23.18470039581912,23.214823952103448,22.750964019089594
SEN_001,B001,hospital,2026-02-12,21,22.489759077722926,22.519882634007253,22.0560227009934
SEN_001,B001,hospital,2026-02-13,20,22.663989418183004,22.69411297446733,22.230253041453476
SEN_001,B001,hospital,2026-02-14,19,22.355988695806232,22.38611225209056,21.922252319076705
SEN_001,B001,hospital,2026-02-15,18,14.521819088801179,14.551942645085504,14.088082712071651
SEN_001,B001,hospital,2026-02-16,17,15.588687300975456,15.618810857259781,15.154950924245929
SEN_001,B001,hospital,2026-02-17,16,15.563281333397864,15.593404889682189,15.129544956668337
SEN_001,B001,hospital,2026-02-18,15,14.934445922022556,14.964569478306881,14.500709545293029
SEN_001,B001,hospital,2026-02-19,14,15.363083982245257,15.393207538529582,14.92934760551573
SEN_001,B001,hospital,2026-02-20,13,15.299276886260357,15.329400442544681,14.86554050953083
SEN_001,B001,hospital,2026-02-21,12,17.895479726430537,17.925603282714864,17.46174334970101
SEN_001,B001,hospital,2026-02-22,11,16.520277597409688,16.550401153694015,16.08654122068016
SEN_001,B001,hospital,2026-02-23,10,21.189863843548483,21.21998739983281,20.756127466818956
SEN_001,B001,hospital,2026-02-24,9,18.563113105982833,18.59323666226716,18.129376729253305
SEN_001,B001,hospital,2026-02-25,8,17.855104478887167,17.885228035171494,17.42136810215764
SEN_001,B001,hospital,2026-02-26,7,16.898446281450504,16.92856983773483,16.464709904720976
SEN_001,B001,hospital,2026-02-27,6,17.675617209355178,17.705740765639504,17.24188083262565
SEN_001,B001,hospital,2026-02-28,5,16.34673042607588,16.376853982360206,15.912994049346352
SEN_001,B001,hospital,2026-03-01,4,17.321834436966775,17.3519579932511,16.888098060237247
SEN_001,B001,hospital,2026-03-02,3,15.68820964155071,15.718333197835035,15.254473264821183
SEN_001,B001,hospital,2026-03-03,2,19.052655711057373,19.0827792673417,18.618919334327845
SEN_001,B001,hospital,2026-03-04,1,18.24810407572981,18.278227632014136,17.814367699000282
SEN_001,B001,hospital,2026-03-05,0,18.48264170697788,18.512765263262207,18.048905330248353
