sensor_id,building_id,building_type,timestamp,actual_rul,rul_predicted,rul_lower_90,rul_upper_90,interval_width,confidence,p_fail_3d,p_fail_7d,p_fail_14d
SEN_010,B010,warehouse,2025-10-01,62,71.7,65.7,98.9,33.2,LOW,0.0,0.0,0.0
SEN_003,B003,warehouse,2025-10-01,87,86.4,86.4,119.8,33.4,LOW,0.0,0.0,0.0
SEN_012,B012,office,2025-10-01,24,19.3,19.3,26.8,7.5,LOW,0.0,0.0,1.0
SEN_004,B004,warehouse,2025-10-01,5,17.6,15.4,26.7,11.4,LOW,0.0,0.1,14.9
SEN_005,B005,warehouse,2025-10-01,69,82.4,82.4,93.1,10.7,LOW,0.0,0.0,0.0
SEN_011,B011,hospital,2025-10-01,37,34.1,34.1,38.9,4.7,MEDIUM,0.0,0.0,0.0
SEN_001,B001,hospital,2025-10-01,155,158.2,137.6,158.2,20.6,LOW,0.0,0.0,0.0
SEN_001,B001,hospital,2025-10-02,154,155.1,138.5,163.0,24.5,LOW,0.0,0.0,0.0
SEN_004,B004,warehouse,2025-10-02,4,17.3,14.7,28.2,13.5,LOW,0.0,0.6,21.1
SEN_010,B010,warehouse,2025-10-02,61,70.1,65.6,100.8,35.2,LOW,0.0,0.0,0.0
SEN_011,B011,hospital,2025-10-02,36,34.3,34.3,39.0,4.7,MEDIUM,0.0,0.0,0.0
SEN_012,B012,office,2025-10-02,23,25.8,20.1,29.2,9.1,LOW,0.0,0.0,0.0
SEN_005,B005,warehouse,2025-10-02,68,81.7,79.5,90.8,11.3,LOW,0.0,0.0,0.0
SEN_003,B003,warehouse,2025-10-02,86,84.5,84.5,119.8,35.4,LOW,0.0,0.0,0.0
SEN_001,B001,hospital,2025-10-03,153,153.9,138.0,161.4,23.3,LOW,0.0,0.0,0.0
SEN_003,B003,warehouse,2025-10-03,85,87.1,87.1,120.3,33.2,LOW,0.0,0.0,0.0
SEN_005,B005,warehouse,2025-10-03,67,82.7,75.1,93.0,17.9,LOW,0.0,0.0,0.0
SEN_012,B012,office,2025-10-03,22,22.9,20.2,24.7,4.5,MEDIUM,0.0,0.0,0.0
SEN_010,B010,warehouse,2025-10-03,60,71.1,64.1,99.2,35.1,LOW,0.0,0.0,0.0
SEN_004,B004,warehouse,2025-10-03,3,18.7,15.6,29.5,14.0,LOW,0.0,0.3,13.5
SEN_011,B011,hospital,2025-10-03,35,34.3,34.3,41.1,6.8,MEDIUM,0.0,0.0,0.0
SEN_004,B004,warehouse,2025-10-04,2,21.4,13.8,28.7,14.9,LOW,0.0,0.1,5.1
SEN_011,B011,hospital,2025-10-04,34,33.9,31.6,40.5,8.9,LOW,0.0,0.0,0.0
SEN_001,B001,hospital,2025-10-04,152,154.0,138.7,162.0,23.3,LOW,0.0,0.0,0.0
SEN_010,B010,warehouse,2025-10-04,59,69.5,65.7,98.6,32.9,LOW,0.0,0.0,0.0
SEN_003,B003,warehouse,2025-10-04,84,85.6,85.6,111.8,26.1,LOW,0.0,0.0,0.0
SEN_012,B012,office,2025-10-04,21,22.2,18.9,25.9,7.0,LOW,0.0,0.0,0.0
SEN_005,B005,warehouse,2025-10-04,66,81.3,77.0,87.1,10.1,LOW,0.0,0.0,0.0
SEN_005,B005,warehouse,2025-10-05,65,81.3,76.8,89.6,12.7,LOW,0.0,0.0,0.0
SEN_011,B011,hospital,2025-10-05,33,31.9,30.1,40.9,10.8,LOW,0.0,0.0,0.0
SEN_001,B001,hospital,2025-10-05,151,146.5,138.4,161.1,22.7,LOW,0.0,0.0,0.0
SEN_004,B004,warehouse,2025-10-05,1,17.3,13.8,31.6,17.9,LOW,0.4,2.9,27.2
SEN_012,B012,office,2025-10-05,20,22.6,19.9,24.9,5.0,MEDIUM,0.0,0.0,0.0
SEN_003,B003,warehouse,2025-10-05,83,83.3,83.3,109.0,25.7,LOW,0.0,0.0,0.0
SEN_010,B010,warehouse,2025-10-05,58,70.0,64.9,91.3,26.5,LOW,0.0,0.0,0.0
SEN_005,B005,warehouse,2025-10-06,64,78.8,74.6,89.5,14.9,LOW,0.0,0.0,0.0
SEN_011,B011,hospital,2025-10-06,32,35.4,29.1,41.9,12.8,LOW,0.0,0.0,0.0
SEN_003,B003,warehouse,2025-10-06,82,82.7,82.7,109.9,27.3,LOW,0.0,0.0,0.0
SEN_010,B010,warehouse,2025-10-06,57,70.2,65.6,87.9,22.3,LOW,0.0,0.0,0.0
SEN_012,B012,office,2025-10-06,19,23.5,20.2,25.4,5.2,MEDIUM,0.0,0.0,0.0
SEN_004,B004,warehouse,2025-10-06,0,18.5,14.8,31.6,16.8,LOW,0.1,1.2,18.9
SEN_001,B001,hospital,2025-10-06,150,145.0,138.9,160.3,21.5,LOW,0.0,0.0,0.0
SEN_003,B003,warehouse,2025-10-07,81,82.8,82.8,110.7,27.9,LOW,0.0,0.0,0.0
SEN_011,B011,hospital,2025-10-07,31,31.7,29.2,41.4,12.2,LOW,0.0,0.0,0.0
SEN_001,B001,hospital,2025-10-07,149,150.5,136.3,161.3,25.0,LOW,0.0,0.0,0.0
SEN_010,B010,warehouse,2025-10-07,56,68.5,64.7,94.2,29.4,LOW,0.0,0.0,0.0
SEN_005,B005,warehouse,2025-10-07,63,77.9,77.9,90.6,12.7,LOW,0.0,0.0,0.0
SEN_012,B012,office,2025-10-07,18,16.7,16.7,27.2,10.5,LOW,0.0,0.1,19.9
SEN_011,B011,hospital,2025-10-08,30,32.1,30.1,40.7,10.6,LOW,0.0,0.0,0.0
SEN_001,B001,hospital,2025-10-08,148,146.9,134.2,157.8,23.5,LOW,0.0,0.0,0.0
SEN_012,B012,office,2025-10-08,17,15.5,14.8,23.0,8.2,LOW,0.0,0.0,27.4
SEN_005,B005,warehouse,2025-10-08,62,77.7,76.5,89.4,12.9,LOW,0.0,0.0,0.0
SEN_003,B003,warehouse,2025-10-08,80,82.8,82.8,108.3,25.5,LOW,0.0,0.0,0.0
SEN_010,B010,warehouse,2025-10-08,55,68.3,63.5,92.1,28.6,LOW,0.0,0.0,0.0
SEN_005,B005,warehouse,2025-10-09,61,77.6,77.6,89.0,11.3,LOW,0.0,0.0,0.0
SEN_011,B011,hospital,2025-10-09,29,33.3,29.6,40.6,11.0,LOW,0.0,0.0,0.0
SEN_012,B012,office,2025-10-09,16,18.8,15.3,21.2,5.9,MEDIUM,0.0,0.0,0.4
SEN_003,B003,warehouse,2025-10-09,79,81.8,77.7,107.3,29.6,LOW,0.0,0.0,0.0
SEN_001,B001,hospital,2025-10-09,147,147.8,136.5,159.8,23.3,LOW,0.0,0.0,0.0
SEN_010,B010,warehouse,2025-10-09,54,64.3,54.1,92.9,38.7,LOW,0.0,0.0,0.0
SEN_012,B012,office,2025-10-10,15,18.8,15.6,23.9,8.3,LOW,0.0,0.0,2.9
SEN_011,B011,hospital,2025-10-10,28,33.3,29.4,41.1,11.6,LOW,0.0,0.0,0.0
SEN_005,B005,warehouse,2025-10-10,60,77.7,77.7,88.0,10.3,LOW,0.0,0.0,0.0
SEN_010,B010,warehouse,2025-10-10,53,61.5,55.7,93.7,38.0,LOW,0.0,0.0,0.0
SEN_003,B003,warehouse,2025-10-10,78,82.8,77.7,111.4,33.6,LOW,0.0,0.0,0.0
SEN_001,B001,hospital,2025-10-10,146,146.8,134.5,156.3,21.8,LOW,0.0,0.0,0.0
SEN_010,B010,warehouse,2025-10-11,52,60.9,53.9,93.9,40.0,LOW,0.0,0.0,0.0
SEN_012,B012,office,2025-10-11,14,16.8,13.6,16.8,3.2,MEDIUM,0.0,0.0,0.2
SEN_011,B011,hospital,2025-10-11,27,31.7,30.7,41.7,11.1,LOW,0.0,0.0,0.0
SEN_003,B003,warehouse,2025-10-11,77,80.4,78.6,108.7,30.1,LOW,0.0,0.0,0.0
SEN_001,B001,hospital,2025-10-11,145,145.3,135.1,157.0,21.8,LOW,0.0,0.0,0.0
SEN_005,B005,warehouse,2025-10-11,59,76.4,76.2,86.7,10.5,LOW,0.0,0.0,0.0
SEN_001,B001,hospital,2025-10-12,144,141.4,132.5,156.5,24.0,LOW,0.0,0.0,0.0
SEN_012,B012,office,2025-10-12,13,16.6,12.8,20.1,7.3,LOW,0.0,0.0,12.1
SEN_005,B005,warehouse,2025-10-12,58,76.7,76.5,83.2,6.6,MEDIUM,0.0,0.0,0.0
SEN_010,B010,warehouse,2025-10-12,51,59.9,54.1,94.2,40.1,LOW,0.0,0.0,0.0
SEN_011,B011,hospital,2025-10-12,26,31.2,28.2,39.6,11.3,LOW,0.0,0.0,0.0
SEN_003,B003,warehouse,2025-10-12,76,80.8,77.3,110.3,33.0,LOW,0.0,0.0,0.0
SEN_010,B010,warehouse,2025-10-13,50,61.4,52.5,91.6,39.1,LOW,0.0,0.0,0.0
SEN_011,B011,hospital,2025-10-13,25,30.9,29.7,40.1,10.4,LOW,0.0,0.0,0.0
SEN_003,B003,warehouse,2025-10-13,75,78.6,78.6,106.1,27.5,LOW,0.0,0.0,0.0
SEN_001,B001,hospital,2025-10-13,143,142.8,136.6,147.8,11.2,LOW,0.0,0.0,0.0
SEN_012,B012,office,2025-10-13,12,15.6,12.8,20.0,7.2,LOW,0.0,0.0,23.2
SEN_005,B005,warehouse,2025-10-13,57,76.4,73.8,80.7,6.9,MEDIUM,0.0,0.0,0.0
SEN_005,B005,warehouse,2025-10-14,56,75.7,72.7,78.4,5.6,MEDIUM,0.0,0.0,0.0
SEN_012,B012,office,2025-10-14,11,14.4,11.1,16.5,5.4,MEDIUM,0.0,0.0,40.4
SEN_010,B010,warehouse,2025-10-14,49,60.5,53.2,94.1,40.9,LOW,0.0,0.0,0.0
SEN_011,B011,hospital,2025-10-14,24,30.0,29.4,36.7,7.3,LOW,0.0,0.0,0.0
SEN_001,B001,hospital,2025-10-14,142,136.4,133.9,147.5,13.6,LOW,0.0,0.0,0.0
SEN_003,B003,warehouse,2025-10-14,74,77.3,77.3,107.7,30.4,LOW,0.0,0.0,0.0
SEN_011,B011,hospital,2025-10-15,23,28.7,28.5,38.1,9.6,LOW,0.0,0.0,0.0
SEN_012,B012,office,2025-10-15,10,14.3,10.3,18.3,8.0,LOW,0.0,0.1,45.1
SEN_010,B010,warehouse,2025-10-15,48,59.7,54.1,92.4,38.3,LOW,0.0,0.0,0.0
SEN_005,B005,warehouse,2025-10-15,55,75.4,73.9,80.8,6.9,MEDIUM,0.0,0.0,0.0
SEN_001,B001,hospital,2025-10-15,141,141.4,135.5,147.1,11.6,LOW,0.0,0.0,0.0
SEN_003,B003,warehouse,2025-10-15,73,77.1,77.1,105.8,28.7,LOW,0.0,0.0,0.0
SEN_012,B012,office,2025-10-16,9,11.6,10.5,17.0,6.5,MEDIUM,0.0,1.0,88.8
SEN_011,B011,hospital,2025-10-16,22,29.4,27.6,33.7,6.1,MEDIUM,0.0,0.0,0.0
SEN_010,B010,warehouse,2025-10-16,47,60.2,50.4,91.1,40.7,LOW,0.0,0.0,0.0
SEN_001,B001,hospital,2025-10-16,140,139.8,130.5,143.6,13.1,LOW,0.0,0.0,0.0
SEN_005,B005,warehouse,2025-10-16,54,76.0,73.5,80.5,7.0,LOW,0.0,0.0,0.0
SEN_003,B003,warehouse,2025-10-16,72,77.6,77.6,108.9,31.3,LOW,0.0,0.0,0.0
SEN_010,B010,warehouse,2025-10-17,46,60.5,51.2,91.0,39.8,LOW,0.0,0.0,0.0
SEN_012,B012,office,2025-10-17,8,12.1,9.8,17.6,7.8,LOW,0.0,1.6,78.9
SEN_005,B005,warehouse,2025-10-17,53,75.0,71.6,77.5,5.9,MEDIUM,0.0,0.0,0.0
SEN_011,B011,hospital,2025-10-17,21,29.3,28.7,30.9,2.2,HIGH,0.0,0.0,0.0
SEN_001,B001,hospital,2025-10-17,139,138.0,134.3,143.0,8.7,LOW,0.0,0.0,0.0
SEN_003,B003,warehouse,2025-10-17,71,78.0,78.0,106.4,28.4,LOW,0.0,0.0,0.0
SEN_011,B011,hospital,2025-10-18,20,28.6,28.6,30.9,2.4,HIGH,0.0,0.0,0.0
SEN_001,B001,hospital,2025-10-18,138,138.4,134.3,142.0,7.6,LOW,0.0,0.0,0.0
SEN_005,B005,warehouse,2025-10-18,52,74.6,68.7,79.7,11.0,LOW,0.0,0.0,0.0
SEN_012,B012,office,2025-10-18,7,11.1,10.0,18.7,8.6,LOW,0.1,5.8,86.6
SEN_003,B003,warehouse,2025-10-18,70,75.1,75.1,106.1,31.0,LOW,0.0,0.0,0.0
SEN_010,B010,warehouse,2025-10-18,45,60.2,53.1,88.4,35.3,LOW,0.0,0.0,0.0
SEN_010,B010,warehouse,2025-10-19,44,59.3,51.0,88.4,37.5,LOW,0.0,0.0,0.0
SEN_012,B012,office,2025-10-19,6,10.9,9.2,19.0,9.8,LOW,0.4,9.5,85.1
SEN_005,B005,warehouse,2025-10-19,51,66.4,59.1,71.1,12.1,LOW,0.0,0.0,0.0
SEN_003,B003,warehouse,2025-10-19,69,76.7,76.7,101.9,25.2,LOW,0.0,0.0,0.0
SEN_001,B001,hospital,2025-10-19,137,140.0,134.1,143.1,9.0,LOW,0.0,0.0,0.0
SEN_011,B011,hospital,2025-10-19,19,28.9,28.1,32.5,4.5,MEDIUM,0.0,0.0,0.0
SEN_005,B005,warehouse,2025-10-20,50,67.3,59.4,68.4,9.0,LOW,0.0,0.0,0.0
SEN_003,B003,warehouse,2025-10-20,68,76.1,76.0,104.3,28.2,LOW,0.0,0.0,0.0
SEN_010,B010,warehouse,2025-10-20,43,58.0,54.2,89.3,35.0,LOW,0.0,0.0,0.0
SEN_011,B011,hospital,2025-10-20,18,29.2,28.4,32.4,4.0,MEDIUM,0.0,0.0,0.0
SEN_012,B012,office,2025-10-20,5,10.7,10.3,19.4,9.2,LOW,0.3,9.3,88.1
SEN_001,B001,hospital,2025-10-20,136,141.0,131.6,144.1,12.4,LOW,0.0,0.0,0.0
SEN_005,B005,warehouse,2025-10-21,49,66.2,59.3,68.7,9.4,LOW,0.0,0.0,0.0
SEN_001,B001,hospital,2025-10-21,135,138.6,130.0,139.4,9.4,LOW,0.0,0.0,0.0
SEN_003,B003,warehouse,2025-10-21,67,76.1,73.4,103.3,29.8,LOW,0.0,0.0,0.0
SEN_012,B012,office,2025-10-21,4,10.0,9.4,24.9,15.4,LOW,6.7,26.1,80.4
SEN_011,B011,hospital,2025-10-21,17,26.4,23.2,32.9,9.7,LOW,0.0,0.0,0.0
SEN_010,B010,warehouse,2025-10-21,42,60.0,50.6,87.0,36.4,LOW,0.0,0.0,0.0
SEN_012,B012,office,2025-10-22,3,10.6,8.7,21.1,12.4,LOW,2.2,17.0,81.6
SEN_005,B005,warehouse,2025-10-22,48,66.3,61.3,71.1,9.8,LOW,0.0,0.0,0.0
SEN_011,B011,hospital,2025-10-22,16,26.4,24.5,31.5,7.0,LOW,0.0,0.0,0.0
SEN_001,B001,hospital,2025-10-22,134,129.7,129.7,140.2,10.5,LOW,0.0,0.0,0.0
SEN_010,B010,warehouse,2025-10-22,41,58.1,50.7,88.2,37.5,LOW,0.0,0.0,0.0
SEN_003,B003,warehouse,2025-10-22,66,75.6,72.9,103.0,30.1,LOW,0.0,0.0,0.0
SEN_011,B011,hospital,2025-10-23,15,26.3,24.0,31.9,7.9,LOW,0.0,0.0,0.0
SEN_005,B005,warehouse,2025-10-23,47,65.8,54.3,69.0,14.7,LOW,0.0,0.0,0.0
SEN_012,B012,office,2025-10-23,2,8.9,7.8,23.8,16.0,LOW,11.3,34.8,85.3
SEN_001,B001,hospital,2025-10-23,133,139.2,130.7,139.6,9.0,LOW,0.0,0.0,0.0
SEN_003,B003,warehouse,2025-10-23,65,75.1,72.9,101.8,28.9,LOW,0.0,0.0,0.0
SEN_010,B010,warehouse,2025-10-23,40,56.0,46.2,87.9,41.8,LOW,0.0,0.0,0.0
SEN_001,B001,hospital,2025-10-24,132,123.9,123.9,135.9,12.0,LOW,0.0,0.0,0.0
SEN_010,B010,warehouse,2025-10-24,39,56.2,48.2,90.8,42.6,LOW,0.0,0.0,0.1
SEN_012,B012,office,2025-10-24,1,9.1,8.2,23.8,15.6,LOW,9.9,32.9,84.9
SEN_005,B005,warehouse,2025-10-24,46,63.7,62.3,70.7,8.4,LOW,0.0,0.0,0.0
SEN_003,B003,warehouse,2025-10-24,64,78.7,74.6,101.2,26.5,LOW,0.0,0.0,0.0
SEN_011,B011,hospital,2025-10-24,14,25.4,23.3,30.0,6.7,MEDIUM,0.0,0.0,0.0
SEN_001,B001,hospital,2025-10-25,131,123.6,122.9,133.5,10.5,LOW,0.0,0.0,0.0
SEN_005,B005,warehouse,2025-10-25,45,63.8,57.7,71.7,14.0,LOW,0.0,0.0,0.0
SEN_003,B003,warehouse,2025-10-25,63,76.8,73.1,101.2,28.1,LOW,0.0,0.0,0.0
SEN_010,B010,warehouse,2025-10-25,38,56.8,48.9,89.4,40.5,LOW,0.0,0.0,0.0
SEN_012,B012,office,2025-10-25,0,9.2,8.6,25.3,16.6,LOW,11.0,33.1,82.9
SEN_011,B011,hospital,2025-10-25,13,26.4,22.9,29.4,6.6,MEDIUM,0.0,0.0,0.0
SEN_001,B001,hospital,2025-10-26,130,121.9,119.3,135.5,16.2,LOW,0.0,0.0,0.0
SEN_005,B005,warehouse,2025-10-26,44,63.6,61.7,73.0,11.3,LOW,0.0,0.0,0.0
SEN_003,B003,warehouse,2025-10-26,62,77.8,72.2,100.2,28.0,LOW,0.0,0.0,0.0
SEN_010,B010,warehouse,2025-10-26,37,56.7,47.2,87.7,40.5,LOW,0.0,0.0,0.0
SEN_011,B011,hospital,2025-10-26,12,25.2,20.4,29.3,8.8,LOW,0.0,0.0,0.0
SEN_011,B011,hospital,2025-10-27,11,21.9,19.5,29.3,9.8,LOW,0.0,0.0,0.4
SEN_003,B003,warehouse,2025-10-27,61,76.3,71.6,98.5,26.9,LOW,0.0,0.0,0.0
SEN_001,B001,hospital,2025-10-27,129,120.2,117.9,136.5,18.6,LOW,0.0,0.0,0.0
SEN_010,B010,warehouse,2025-10-27,36,54.7,47.6,85.6,38.0,LOW,0.0,0.0,0.0
SEN_005,B005,warehouse,2025-10-27,43,63.8,54.9,72.9,17.9,LOW,0.0,0.0,0.0
SEN_003,B003,warehouse,2025-10-28,60,76.5,73.0,99.5,26.5,LOW,0.0,0.0,0.0
SEN_011,B011,hospital,2025-10-28,10,20.2,19.1,30.2,11.1,LOW,0.0,0.0,3.3
SEN_001,B001,hospital,2025-10-28,128,118.6,114.5,130.5,16.1,LOW,0.0,0.0,0.0
SEN_010,B010,warehouse,2025-10-28,35,54.2,48.6,83.7,35.1,LOW,0.0,0.0,0.0
SEN_005,B005,warehouse,2025-10-28,42,65.7,58.0,72.6,14.7,LOW,0.0,0.0,0.0
SEN_011,B011,hospital,2025-10-29,9,21.2,18.0,29.5,11.5,LOW,0.0,0.0,2.0
SEN_003,B003,warehouse,2025-10-29,59,75.9,74.9,99.4,24.6,LOW,0.0,0.0,0.0
SEN_010,B010,warehouse,2025-10-29,34,55.0,47.7,82.7,35.0,LOW,0.0,0.0,0.0
SEN_001,B001,hospital,2025-10-29,127,122.6,112.5,130.3,17.8,LOW,0.0,0.0,0.0
SEN_005,B005,warehouse,2025-10-29,41,66.2,59.7,72.6,12.9,LOW,0.0,0.0,0.0
SEN_010,B010,warehouse,2025-10-30,33,52.5,46.4,81.2,34.8,LOW,0.0,0.0,0.0
SEN_011,B011,hospital,2025-10-30,8,22.0,18.3,31.2,12.9,LOW,0.0,0.0,2.1
SEN_005,B005,warehouse,2025-10-30,40,63.0,61.3,77.0,15.7,LOW,0.0,0.0,0.0
SEN_001,B001,hospital,2025-10-30,126,123.1,113.7,129.9,16.2,LOW,0.0,0.0,0.0
SEN_003,B003,warehouse,2025-10-30,58,74.3,71.8,101.3,29.5,LOW,0.0,0.0,0.0
SEN_011,B011,hospital,2025-10-31,7,20.8,16.9,31.6,14.7,LOW,0.0,0.1,6.4
SEN_001,B001,hospital,2025-10-31,125,121.2,112.6,128.5,15.8,LOW,0.0,0.0,0.0
SEN_005,B005,warehouse,2025-10-31,39,64.8,57.1,74.1,17.0,LOW,0.0,0.0,0.0
SEN_010,B010,warehouse,2025-10-31,32,53.3,48.3,76.8,28.6,LOW,0.0,0.0,0.0
SEN_003,B003,warehouse,2025-10-31,57,74.5,69.2,101.5,32.4,LOW,0.0,0.0,0.0
SEN_003,B003,warehouse,2025-11-01,56,74.7,70.4,102.0,31.6,LOW,0.0,0.0,0.0
SEN_001,B001,hospital,2025-11-01,124,124.2,118.0,130.4,12.3,LOW,0.0,0.0,0.0
SEN_005,B005,warehouse,2025-11-01,38,65.5,57.5,73.4,15.9,LOW,0.0,0.0,0.0
SEN_010,B010,warehouse,2025-11-01,31,53.9,47.1,79.3,32.2,LOW,0.0,0.0,0.0
SEN_011,B011,hospital,2025-11-01,6,21.3,16.6,30.3,13.6,LOW,0.0,0.0,3.9
SEN_005,B005,warehouse,2025-11-02,37,65.1,58.9,69.3,10.4,LOW,0.0,0.0,0.0
SEN_011,B011,hospital,2025-11-02,5,20.2,16.0,31.5,15.4,LOW,0.0,0.2,9.3
SEN_003,B003,warehouse,2025-11-02,55,75.4,70.5,102.7,32.1,LOW,0.0,0.0,0.0
SEN_010,B010,warehouse,2025-11-02,30,52.9,46.1,79.7,33.6,LOW,0.0,0.0,0.0
SEN_001,B001,hospital,2025-11-02,123,122.3,119.1,130.1,11.0,LOW,0.0,0.0,0.0
SEN_011,B011,hospital,2025-11-03,4,20.8,15.5,30.9,15.3,LOW,0.0,0.2,7.2
SEN_010,B010,warehouse,2025-11-03,29,49.0,46.0,77.4,31.5,LOW,0.0,0.0,0.0
SEN_005,B005,warehouse,2025-11-03,36,64.7,58.1,69.5,11.4,LOW,0.0,0.0,0.0
SEN_003,B003,warehouse,2025-11-03,54,73.4,68.1,101.6,33.6,LOW,0.0,0.0,0.0
SEN_001,B001,hospital,2025-11-03,122,124.4,118.4,131.5,13.2,LOW,0.0,0.0,0.0
SEN_005,B005,warehouse,2025-11-04,35,61.4,57.8,66.7,8.9,LOW,0.0,0.0,0.0
SEN_011,B011,hospital,2025-11-04,3,21.0,15.1,31.0,15.9,LOW,0.0,0.2,7.4
SEN_003,B003,warehouse,2025-11-04,53,76.0,69.6,100.7,31.1,LOW,0.0,0.0,0.0
SEN_001,B001,hospital,2025-11-04,121,126.0,112.8,132.6,19.8,LOW,0.0,0.0,0.0
SEN_010,B010,warehouse,2025-11-04,28,49.1,44.5,77.0,32.5,LOW,0.0,0.0,0.0
SEN_011,B011,hospital,2025-11-05,2,19.4,15.0,28.8,13.8,LOW,0.0,0.2,9.9
SEN_003,B003,warehouse,2025-11-05,52,76.2,68.8,101.1,32.3,LOW,0.0,0.0,0.0
SEN_001,B001,hospital,2025-11-05,120,123.5,111.0,131.8,20.8,LOW,0.0,0.0,0.0
SEN_010,B010,warehouse,2025-11-05,27,49.0,45.3,76.3,31.0,LOW,0.0,0.0,0.0
SEN_005,B005,warehouse,2025-11-05,34,62.7,57.5,64.9,7.4,LOW,0.0,0.0,0.0
SEN_005,B005,warehouse,2025-11-06,33,61.9,59.9,64.9,5.0,MEDIUM,0.0,0.0,0.0
SEN_003,B003,warehouse,2025-11-06,51,73.4,68.1,90.3,22.2,LOW,0.0,0.0,0.0
SEN_010,B010,warehouse,2025-11-06,26,48.6,43.3,71.4,28.1,LOW,0.0,0.0,0.0
SEN_011,B011,hospital,2025-11-06,1,20.8,14.7,31.4,16.7,LOW,0.0,0.3,9.0
SEN_001,B001,hospital,2025-11-06,119,125.6,109.8,134.4,24.7,LOW,0.0,0.0,0.0
SEN_001,B001,hospital,2025-11-07,118,117.7,108.8,131.4,22.6,LOW,0.0,0.0,0.0
SEN_003,B003,warehouse,2025-11-07,50,66.4,57.4,94.6,37.1,LOW,0.0,0.0,0.0
SEN_005,B005,warehouse,2025-11-07,32,60.9,57.8,64.8,6.9,MEDIUM,0.0,0.0,0.0
SEN_010,B010,warehouse,2025-11-07,25,48.4,42.7,69.9,27.2,LOW,0.0,0.0,0.0
SEN_011,B011,hospital,2025-11-07,0,21.8,12.7,31.4,18.7,LOW,0.0,0.5,8.5
SEN_001,B001,hospital,2025-11-08,117,119.1,110.3,127.7,17.4,LOW,0.0,0.0,0.0
SEN_010,B010,warehouse,2025-11-08,24,48.2,40.6,69.2,28.6,LOW,0.0,0.0,0.0
SEN_005,B005,warehouse,2025-11-08,31,59.6,57.1,61.3,4.3,MEDIUM,0.0,0.0,0.0
SEN_003,B003,warehouse,2025-11-08,49,64.9,61.3,95.0,33.6,LOW,0.0,0.0,0.0
SEN_005,B005,warehouse,2025-11-09,30,57.5,56.2,61.1,4.9,MEDIUM,0.0,0.0,0.0
SEN_003,B003,warehouse,2025-11-09,48,65.4,61.3,95.0,33.7,LOW,0.0,0.0,0.0
SEN_010,B010,warehouse,2025-11-09,23,46.4,38.1,72.9,34.7,LOW,0.0,0.0,0.1
SEN_001,B001,hospital,2025-11-09,116,120.9,111.5,127.0,15.5,LOW,0.0,0.0,0.0
SEN_005,B005,warehouse,2025-11-10,29,57.5,55.8,60.4,4.6,MEDIUM,0.0,0.0,0.0
SEN_010,B010,warehouse,2025-11-10,22,47.8,35.1,69.5,34.4,LOW,0.0,0.0,0.1
SEN_003,B003,warehouse,2025-11-10,47,66.2,62.9,94.3,31.3,LOW,0.0,0.0,0.0
SEN_001,B001,hospital,2025-11-10,115,119.9,109.3,125.1,15.9,LOW,0.0,0.0,0.0
SEN_001,B001,hospital,2025-11-11,114,114.3,100.9,115.1,14.2,LOW,0.0,0.0,0.0
SEN_005,B005,warehouse,2025-11-11,28,54.5,53.0,58.2,5.2,MEDIUM,0.0,0.0,0.0
SEN_010,B010,warehouse,2025-11-11,21,44.1,36.3,65.0,28.7,LOW,0.0,0.0,0.0
SEN_003,B003,warehouse,2025-11-11,46,66.0,63.0,95.2,32.2,LOW,0.0,0.0,0.0
SEN_003,B003,warehouse,2025-11-12,45,67.0,59.9,94.4,34.5,LOW,0.0,0.0,0.0
SEN_005,B005,warehouse,2025-11-12,27,53.9,52.3,57.4,5.1,MEDIUM,0.0,0.0,0.0
SEN_001,B001,hospital,2025-11-12,113,113.4,101.6,113.4,11.8,LOW,0.0,0.0,0.0
SEN_010,B010,warehouse,2025-11-12,20,47.7,35.9,65.1,29.3,LOW,0.0,0.0,0.0
SEN_003,B003,warehouse,2025-11-13,44,62.1,58.5,86.8,28.3,LOW,0.0,0.0,0.0
SEN_001,B001,hospital,2025-11-13,112,119.2,101.7,119.2,17.5,LOW,0.0,0.0,0.0
SEN_010,B010,warehouse,2025-11-13,19,44.0,33.7,64.1,30.4,LOW,0.0,0.0,0.1
SEN_005,B005,warehouse,2025-11-13,26,53.5,49.9,57.1,7.2,LOW,0.0,0.0,0.0
SEN_003,B003,warehouse,2025-11-14,43,64.2,60.3,85.7,25.4,LOW,0.0,0.0,0.0
SEN_010,B010,warehouse,2025-11-14,18,45.9,35.2,64.0,28.8,LOW,0.0,0.0,0.0
SEN_005,B005,warehouse,2025-11-14,25,52.1,50.3,54.9,4.5,MEDIUM,0.0,0.0,0.0
SEN_001,B001,hospital,2025-11-14,111,113.5,101.4,113.5,12.1,LOW,0.0,0.0,0.0
SEN_003,B003,warehouse,2025-11-15,42,62.3,58.2,85.7,27.5,LOW,0.0,0.0,0.0
SEN_005,B005,warehouse,2025-11-15,24,51.5,50.0,53.7,3.7,MEDIUM,0.0,0.0,0.0
SEN_001,B001,hospital,2025-11-15,110,117.9,101.2,117.9,16.7,LOW,0.0,0.0,0.0
SEN_010,B010,warehouse,2025-11-15,17,44.1,37.0,64.9,27.9,LOW,0.0,0.0,0.0
SEN_001,B001,hospital,2025-11-16,109,112.9,97.9,112.9,15.0,LOW,0.0,0.0,0.0
SEN_005,B005,warehouse,2025-11-16,23,52.0,49.5,54.8,5.2,MEDIUM,0.0,0.0,0.0
SEN_010,B010,warehouse,2025-11-16,16,45.2,36.2,65.1,28.9,LOW,0.0,0.0,0.0
SEN_003,B003,warehouse,2025-11-16,41,63.5,58.9,81.2,22.2,LOW,0.0,0.0,0.0
SEN_001,B001,hospital,2025-11-17,108,111.8,102.0,111.8,9.8,LOW,0.0,0.0,0.0
SEN_010,B010,warehouse,2025-11-17,15,45.5,33.7,66.9,33.2,LOW,0.0,0.0,0.1
SEN_005,B005,warehouse,2025-11-17,22,52.2,48.3,55.0,6.7,MEDIUM,0.0,0.0,0.0
SEN_003,B003,warehouse,2025-11-17,40,63.2,58.9,85.2,26.3,LOW,0.0,0.0,0.0
SEN_001,B001,hospital,2025-11-18,107,111.3,103.7,111.3,7.6,LOW,0.0,0.0,0.0
SEN_003,B003,warehouse,2025-11-18,39,62.0,57.2,83.4,26.2,LOW,0.0,0.0,0.0
SEN_010,B010,warehouse,2025-11-18,14,43.6,35.2,66.1,30.9,LOW,0.0,0.0,0.1
SEN_005,B005,warehouse,2025-11-18,21,50.5,44.9,54.6,9.7,LOW,0.0,0.0,0.0
SEN_003,B003,warehouse,2025-11-19,38,62.5,59.0,84.5,25.4,LOW,0.0,0.0,0.0
SEN_010,B010,warehouse,2025-11-19,13,42.8,35.4,65.9,30.6,LOW,0.0,0.0,0.1
SEN_001,B001,hospital,2025-11-19,106,112.1,98.1,112.1,14.0,LOW,0.0,0.0,0.0
SEN_005,B005,warehouse,2025-11-19,20,48.9,37.8,48.9,11.1,LOW,0.0,0.0,0.0
SEN_010,B010,warehouse,2025-11-20,12,31.7,27.7,65.8,38.0,LOW,0.6,1.6,6.3
SEN_001,B001,hospital,2025-11-20,105,112.6,98.4,112.6,14.2,LOW,0.0,0.0,0.0
SEN_005,B005,warehouse,2025-11-20,19,47.6,40.0,47.6,7.6,LOW,0.0,0.0,0.0
SEN_003,B003,warehouse,2025-11-20,37,60.7,55.5,82.0,26.5,LOW,0.0,0.0,0.0
SEN_005,B005,warehouse,2025-11-21,18,41.9,38.7,43.1,4.4,MEDIUM,0.0,0.0,0.0
SEN_003,B003,warehouse,2025-11-21,36,56.7,53.1,77.2,24.0,LOW,0.0,0.0,0.0
SEN_001,B001,hospital,2025-11-21,104,99.5,97.5,129.2,31.7,LOW,0.0,0.0,0.0
SEN_010,B010,warehouse,2025-11-21,11,35.8,27.7,63.4,35.7,LOW,0.1,0.4,2.2
SEN_001,B001,hospital,2025-11-22,103,103.1,97.3,128.7,31.4,LOW,0.0,0.0,0.0
SEN_010,B010,warehouse,2025-11-22,10,33.2,29.5,65.5,36.0,LOW,0.3,0.8,4.0
SEN_003,B003,warehouse,2025-11-22,35,55.4,53.2,76.6,23.4,LOW,0.0,0.0,0.0
SEN_005,B005,warehouse,2025-11-22,17,44.9,40.0,44.9,4.9,MEDIUM,0.0,0.0,0.0
SEN_001,B001,hospital,2025-11-23,102,100.1,97.2,129.6,32.4,LOW,0.0,0.0,0.0
SEN_010,B010,warehouse,2025-11-23,9,35.7,27.6,66.5,38.9,LOW,0.3,0.8,3.3
SEN_005,B005,warehouse,2025-11-23,16,44.8,37.9,44.8,6.9,MEDIUM,0.0,0.0,0.0
SEN_003,B003,warehouse,2025-11-23,34,57.3,53.4,75.5,22.1,LOW,0.0,0.0,0.0
SEN_001,B001,hospital,2025-11-24,101,99.6,96.4,127.7,31.3,LOW,0.0,0.0,0.0
SEN_010,B010,warehouse,2025-11-24,8,32.4,28.5,63.9,35.4,LOW,0.3,0.9,4.4
SEN_005,B005,warehouse,2025-11-24,15,43.4,37.7,43.4,5.7,MEDIUM,0.0,0.0,0.0
SEN_003,B003,warehouse,2025-11-24,33,56.2,52.5,77.7,25.2,LOW,0.0,0.0,0.0
SEN_001,B001,hospital,2025-11-25,100,97.3,96.3,127.5,31.2,LOW,0.0,0.0,0.0
SEN_010,B010,warehouse,2025-11-25,7,31.4,28.5,64.8,36.3,LOW,0.5,1.4,5.7
SEN_005,B005,warehouse,2025-11-25,14,43.7,38.7,43.9,5.1,MEDIUM,0.0,0.0,0.0
SEN_003,B003,warehouse,2025-11-25,32,55.0,50.7,74.6,23.9,LOW,0.0,0.0,0.0
SEN_001,B001,hospital,2025-11-26,99,96.2,95.9,126.2,30.2,LOW,0.0,0.0,0.0
SEN_010,B010,warehouse,2025-11-26,6,31.2,29.1,64.6,35.5,LOW,0.4,1.2,5.5
SEN_005,B005,warehouse,2025-11-26,13,43.0,36.2,43.0,6.8,MEDIUM,0.0,0.0,0.0
SEN_003,B003,warehouse,2025-11-26,31,54.8,50.1,75.2,25.1,LOW,0.0,0.0,0.0
SEN_010,B010,warehouse,2025-11-27,5,30.3,28.1,63.0,35.0,LOW,0.5,1.4,6.3
SEN_001,B001,hospital,2025-11-27,98,96.7,93.7,126.5,32.7,LOW,0.0,0.0,0.0
SEN_003,B003,warehouse,2025-11-27,30,53.8,46.8,74.7,27.9,LOW,0.0,0.0,0.0
SEN_005,B005,warehouse,2025-11-27,12,46.2,35.6,46.2,10.6,LOW,0.0,0.0,0.0
SEN_005,B005,warehouse,2025-11-28,11,34.7,30.8,43.0,12.2,LOW,0.0,0.0,0.0
SEN_003,B003,warehouse,2025-11-28,29,51.8,49.0,74.8,25.8,LOW,0.0,0.0,0.0
SEN_001,B001,hospital,2025-11-28,97,96.4,96.4,125.4,29.0,LOW,0.0,0.0,0.0
SEN_010,B010,warehouse,2025-11-28,4,30.9,28.4,64.8,36.5,LOW,0.6,1.6,6.4
SEN_003,B003,warehouse,2025-11-29,28,49.8,49.8,77.6,27.8,LOW,0.0,0.0,0.0
SEN_005,B005,warehouse,2025-11-29,10,37.1,31.8,44.1,12.3,LOW,0.0,0.0,0.0
SEN_001,B001,hospital,2025-11-29,96,95.7,95.7,126.0,30.3,LOW,0.0,0.0,0.0
SEN_010,B010,warehouse,2025-11-29,3,31.4,28.9,50.1,21.2,LOW,0.0,0.0,0.3
SEN_010,B010,warehouse,2025-11-30,2,31.6,27.2,52.0,24.9,LOW,0.0,0.1,1.0
SEN_003,B003,warehouse,2025-11-30,27,51.0,48.7,78.7,30.0,LOW,0.0,0.0,0.0
SEN_005,B005,warehouse,2025-11-30,9,36.1,31.3,45.5,14.2,LOW,0.0,0.0,0.0
SEN_001,B001,hospital,2025-11-30,95,94.9,94.9,126.5,31.6,LOW,0.0,0.0,0.0
SEN_001,B001,hospital,2025-12-01,94,88.4,79.7,121.4,41.8,LOW,0.0,0.0,0.0
SEN_010,B010,warehouse,2025-12-01,1,23.1,17.4,60.7,43.4,LOW,6.4,11.1,24.5
SEN_005,B005,warehouse,2025-12-01,8,26.9,25.3,35.5,10.2,LOW,0.0,0.0,0.0
SEN_003,B003,warehouse,2025-12-01,26,35.0,35.0,69.7,34.7,LOW,0.1,0.4,2.3
SEN_010,B010,warehouse,2025-12-02,0,20.1,14.7,38.5,23.8,LOW,0.9,3.5,20.0
SEN_005,B005,warehouse,2025-12-02,7,22.3,16.9,22.3,5.5,MEDIUM,0.0,0.0,0.0
SEN_003,B003,warehouse,2025-12-02,25,33.0,33.0,64.1,31.1,LOW,0.1,0.3,2.2
SEN_001,B001,hospital,2025-12-02,93,84.6,82.1,86.3,4.3,MEDIUM,0.0,0.0,0.0
SEN_001,B001,hospital,2025-12-03,92,89.5,79.1,89.5,10.4,LOW,0.0,0.0,0.0
SEN_003,B003,warehouse,2025-12-03,24,32.3,32.3,32.3,0.0,HIGH,0.0,0.0,0.0
SEN_005,B005,warehouse,2025-12-03,6,20.7,16.6,20.7,4.1,MEDIUM,0.0,0.0,0.0
SEN_003,B003,warehouse,2025-12-04,23,32.4,32.4,32.4,0.0,HIGH,0.0,0.0,0.0
SEN_005,B005,warehouse,2025-12-04,5,20.1,14.6,20.1,5.5,MEDIUM,0.0,0.0,0.0
SEN_001,B001,hospital,2025-12-04,91,86.4,79.3,86.4,7.2,LOW,0.0,0.0,0.0
SEN_005,B005,warehouse,2025-12-05,4,18.3,12.9,18.3,5.5,MEDIUM,0.0,0.0,0.5
SEN_001,B001,hospital,2025-12-05,90,82.8,75.1,82.8,7.8,LOW,0.0,0.0,0.0
SEN_003,B003,warehouse,2025-12-05,22,30.7,30.7,30.7,0.0,HIGH,0.0,0.0,0.0
SEN_001,B001,hospital,2025-12-06,89,87.9,76.4,87.9,11.4,LOW,0.0,0.0,0.0
SEN_005,B005,warehouse,2025-12-06,3,17.6,12.7,17.6,5.0,MEDIUM,0.0,0.0,0.9
SEN_003,B003,warehouse,2025-12-06,21,31.3,29.1,31.3,2.2,HIGH,0.0,0.0,0.0
SEN_003,B003,warehouse,2025-12-07,20,27.7,25.9,41.0,15.1,LOW,0.0,0.0,0.1
SEN_001,B001,hospital,2025-12-07,88,80.9,73.9,92.3,18.5,LOW,0.0,0.0,0.0
SEN_005,B005,warehouse,2025-12-07,2,18.4,12.0,21.1,9.1,LOW,0.0,0.0,5.6
SEN_001,B001,hospital,2025-12-08,87,79.5,70.4,84.6,14.2,LOW,0.0,0.0,0.0
SEN_003,B003,warehouse,2025-12-08,19,25.9,20.9,27.4,6.5,MEDIUM,0.0,0.0,0.0
SEN_005,B005,warehouse,2025-12-08,1,16.1,10.9,18.1,7.2,LOW,0.0,0.0,16.9
SEN_005,B005,warehouse,2025-12-09,0,16.9,10.5,18.5,8.1,LOW,0.0,0.0,11.9
SEN_003,B003,warehouse,2025-12-09,18,24.2,19.2,25.2,6.0,MEDIUM,0.0,0.0,0.0
SEN_001,B001,hospital,2025-12-09,86,77.5,64.8,77.5,12.7,LOW,0.0,0.0,0.0
SEN_003,B003,warehouse,2025-12-10,17,22.9,16.3,23.5,7.3,LOW,0.0,0.0,0.0
SEN_001,B001,hospital,2025-12-10,85,77.9,64.6,77.9,13.3,LOW,0.0,0.0,0.0
SEN_001,B001,hospital,2025-12-11,84,75.6,62.5,75.6,13.1,LOW,0.0,0.0,0.0
SEN_003,B003,warehouse,2025-12-11,16,22.5,16.9,24.0,7.0,LOW,0.0,0.0,0.0
SEN_001,B001,hospital,2025-12-12,83,77.4,64.8,77.4,12.6,LOW,0.0,0.0,0.0
SEN_003,B003,warehouse,2025-12-12,15,22.4,16.9,23.1,6.2,MEDIUM,0.0,0.0,0.0
SEN_003,B003,warehouse,2025-12-13,14,21.8,15.7,21.8,6.1,MEDIUM,0.0,0.0,0.0
SEN_001,B001,hospital,2025-12-13,82,76.9,64.5,76.9,12.5,LOW,0.0,0.0,0.0
SEN_001,B001,hospital,2025-12-14,81,77.1,64.4,77.1,12.8,LOW,0.0,0.0,0.0
SEN_003,B003,warehouse,2025-12-14,13,22.0,16.0,22.0,6.0,MEDIUM,0.0,0.0,0.0
SEN_001,B001,hospital,2025-12-15,80,76.6,61.9,76.6,14.7,LOW,0.0,0.0,0.0
SEN_003,B003,warehouse,2025-12-15,12,20.8,15.8,20.8,5.0,MEDIUM,0.0,0.0,0.0
SEN_001,B001,hospital,2025-12-16,79,75.1,62.8,75.1,12.3,LOW,0.0,0.0,0.0
SEN_003,B003,warehouse,2025-12-16,11,17.4,14.3,21.5,7.2,LOW,0.0,0.0,6.0
SEN_001,B001,hospital,2025-12-17,78,67.4,53.7,67.4,13.7,LOW,0.0,0.0,0.0
SEN_003,B003,warehouse,2025-12-17,10,17.0,13.7,19.8,6.1,MEDIUM,0.0,0.0,5.3
SEN_001,B001,hospital,2025-12-18,77,65.3,54.1,65.3,11.2,LOW,0.0,0.0,0.0
SEN_003,B003,warehouse,2025-12-18,9,17.7,13.7,17.7,4.0,MEDIUM,0.0,0.0,0.1
SEN_001,B001,hospital,2025-12-19,76,66.7,53.4,66.7,13.3,LOW,0.0,0.0,0.0
SEN_003,B003,warehouse,2025-12-19,8,15.9,13.2,19.8,6.6,MEDIUM,0.0,0.0,17.2
SEN_001,B001,hospital,2025-12-20,75,67.1,53.2,67.1,13.9,LOW,0.0,0.0,0.0
SEN_003,B003,warehouse,2025-12-20,7,16.1,13.1,19.1,6.0,MEDIUM,0.0,0.0,12.5
SEN_003,B003,warehouse,2025-12-21,6,14.8,12.7,17.1,4.4,MEDIUM,0.0,0.0,27.5
SEN_001,B001,hospital,2025-12-21,74,67.1,52.9,67.1,14.2,LOW,0.0,0.0,0.0
SEN_003,B003,warehouse,2025-12-22,5,15.0,13.8,19.2,5.4,MEDIUM,0.0,0.0,27.1
SEN_001,B001,hospital,2025-12-22,73,66.6,53.4,66.6,13.3,LOW,0.0,0.0,0.0
SEN_003,B003,warehouse,2025-12-23,4,11.4,10.8,20.9,10.1,LOW,0.3,7.6,80.1
SEN_001,B001,hospital,2025-12-23,72,65.8,55.1,65.8,10.7,LOW,0.0,0.0,0.0
SEN_003,B003,warehouse,2025-12-24,3,10.7,10.1,20.8,10.7,LOW,0.9,12.8,84.5
SEN_001,B001,hospital,2025-12-24,71,66.6,52.6,66.6,14.0,LOW,0.0,0.0,0.0
SEN_003,B003,warehouse,2025-12-25,2,14.8,10.4,19.9,9.5,LOW,0.0,0.3,39.1
SEN_001,B001,hospital,2025-12-25,70,65.6,52.6,65.6,13.1,LOW,0.0,0.0,0.0
SEN_003,B003,warehouse,2025-12-26,1,15.0,11.5,21.6,10.2,LOW,0.0,0.5,37.4
SEN_001,B001,hospital,2025-12-26,69,65.5,54.1,65.5,11.3,LOW,0.0,0.0,0.0
SEN_001,B001,hospital,2025-12-27,68,61.8,53.3,61.8,8.5,LOW,0.0,0.0,0.0
SEN_003,B003,warehouse,2025-12-27,0,15.2,11.1,17.4,6.3,MEDIUM,0.0,0.0,26.5
SEN_001,B001,hospital,2025-12-28,67,64.3,52.3,64.3,12.0,LOW,0.0,0.0,0.0
SEN_001,B001,hospital,2025-12-29,66,64.1,56.1,64.1,8.0,LOW,0.0,0.0,0.0
SEN_001,B001,hospital,2025-12-30,65,58.5,52.7,62.2,9.6,LOW,0.0,0.0,0.0
SEN_001,B001,hospital,2025-12-31,64,61.1,54.1,62.9,8.8,LOW,0.0,0.0,0.0
SEN_001,B001,hospital,2026-01-01,63,54.1,54.1,64.2,10.1,LOW,0.0,0.0,0.0
SEN_001,B001,hospital,2026-01-02,62,50.9,50.9,61.2,10.2,LOW,0.0,0.0,0.0
SEN_001,B001,hospital,2026-01-03,61,50.4,50.4,61.6,11.1,LOW,0.0,0.0,0.0
SEN_001,B001,hospital,2026-01-04,60,53.8,53.8,62.6,8.8,LOW,0.0,0.0,0.0
SEN_001,B001,hospital,2026-01-05,59,51.8,51.8,56.1,4.3,MEDIUM,0.0,0.0,0.0
SEN_001,B001,hospital,2026-01-06,58,46.0,46.0,56.4,10.5,LOW,0.0,0.0,0.0
SEN_001,B001,hospital,2026-01-07,57,47.1,47.1,56.6,9.5,LOW,0.0,0.0,0.0
SEN_001,B001,hospital,2026-01-08,56,46.7,46.7,58.4,11.7,LOW,0.0,0.0,0.0
SEN_001,B001,hospital,2026-01-09,55,46.2,46.2,56.8,10.6,LOW,0.0,0.0,0.0
SEN_001,B001,hospital,2026-01-10,54,45.8,45.8,56.3,10.5,LOW,0.0,0.0,0.0
SEN_001,B001,hospital,2026-01-11,53,44.6,44.6,51.9,7.3,LOW,0.0,0.0,0.0
SEN_001,B001,hospital,2026-01-12,52,44.2,44.2,50.7,6.4,MEDIUM,0.0,0.0,0.0
SEN_001,B001,hospital,2026-01-13,51,42.7,42.7,48.0,5.3,MEDIUM,0.0,0.0,0.0
SEN_001,B001,hospital,2026-01-14,50,42.6,42.6,45.2,2.6,HIGH,0.0,0.0,0.0
SEN_001,B001,hospital,2026-01-15,49,41.6,41.6,45.1,3.5,MEDIUM,0.0,0.0,0.0
SEN_001,B001,hospital,2026-01-16,48,40.7,40.7,41.9,1.2,HIGH,0.0,0.0,0.0
SEN_001,B001,hospital,2026-01-17,47,42.4,42.4,43.0,0.6,HIGH,0.0,0.0,0.0
SEN_001,B001,hospital,2026-01-18,46,39.1,39.1,44.6,5.5,MEDIUM,0.0,0.0,0.0
SEN_001,B001,hospital,2026-01-19,45,38.3,38.3,42.0,3.8,MEDIUM,0.0,0.0,0.0
SEN_001,B001,hospital,2026-01-20,44,39.6,39.6,42.0,2.5,HIGH,0.0,0.0,0.0
SEN_001,B001,hospital,2026-01-21,43,41.2,41.2,45.6,4.3,MEDIUM,0.0,0.0,0.0
SEN_001,B001,hospital,2026-01-22,42,40.9,40.9,46.7,5.8,MEDIUM,0.0,0.0,0.0
SEN_001,B001,hospital,2026-01-23,41,40.0,40.0,48.6,8.5,LOW,0.0,0.0,0.0
SEN_001,B001,hospital,2026-01-24,40,28.2,28.2,47.1,18.9,LOW,0.0,0.0,0.7
SEN_001,B001,hospital,2026-01-25,39,31.6,31.6,47.6,16.0,LOW,0.0,0.0,0.0
SEN_001,B001,hospital,2026-01-26,38,26.1,26.1,45.1,19.0,LOW,0.0,0.0,1.8
SEN_001,B001,hospital,2026-01-27,37,27.1,27.1,40.2,13.1,LOW,0.0,0.0,0.1
SEN_001,B001,hospital,2026-01-28,36,28.0,28.0,46.0,18.0,LOW,0.0,0.0,0.5
SEN_001,B001,hospital,2026-01-29,35,27.7,27.7,42.0,14.3,LOW,0.0,0.0,0.1
SEN_001,B001,hospital,2026-01-30,34,28.5,28.5,40.6,12.1,LOW,0.0,0.0,0.0
SEN_001,B001,hospital,2026-01-31,33,28.3,28.3,44.0,15.7,LOW,0.0,0.0,0.1
SEN_001,B001,hospital,2026-02-01,32,30.0,30.0,43.7,13.8,LOW,0.0,0.0,0.0
SEN_001,B001,hospital,2026-02-02,31,28.1,28.1,39.5,11.4,LOW,0.0,0.0,0.0
SEN_001,B001,hospital,2026-02-03,30,28.8,28.8,38.4,9.5,LOW,0.0,0.0,0.0
SEN_001,B001,hospital,2026-02-04,29,28.9,28.9,38.8,9.9,LOW,0.0,0.0,0.0
SEN_001,B001,hospital,2026-02-05,28,27.6,27.6,34.2,6.6,MEDIUM,0.0,0.0,0.0
SEN_001,B001,hospital,2026-02-06,27,26.8,26.8,33.0,6.3,MEDIUM,0.0,0.0,0.0
SEN_001,B001,hospital,2026-02-07,26,24.0,24.0,32.1,8.1,LOW,0.0,0.0,0.0
SEN_001,B001,hospital,2026-02-08,25,24.6,24.6,33.8,9.2,LOW,0.0,0.0,0.0
SEN_001,B001,hospital,2026-02-09,24,23.7,23.7,33.9,10.3,LOW,0.0,0.0,0.1
SEN_001,B001,hospital,2026-02-10,23,23.1,23.1,29.1,6.0,MEDIUM,0.0,0.0,0.0
SEN_001,B001,hospital,2026-02-11,22,23.2,23.2,32.2,9.1,LOW,0.0,0.0,0.0
SEN_001,B001,hospital,2026-02-12,21,22.5,22.5,33.5,11.0,LOW,0.0,0.0,0.6
SEN_001,B001,hospital,2026-02-13,20,22.7,22.7,29.1,6.5,MEDIUM,0.0,0.0,0.0
SEN_001,B001,hospital,2026-02-14,19,22.4,22.4,28.1,5.8,MEDIUM,0.0,0.0,0.0
SEN_001,B001,hospital,2026-02-15,18,14.5,14.5,28.1,13.6,LOW,0.3,3.5,45.2
SEN_001,B001,hospital,2026-02-16,17,15.6,15.6,28.0,12.4,LOW,0.0,1.1,33.6
SEN_001,B001,hospital,2026-02-17,16,15.6,15.6,28.8,13.2,LOW,0.1,1.6,34.5
SEN_001,B001,hospital,2026-02-18,15,14.9,14.9,28.3,13.3,LOW,0.2,2.5,41.2
SEN_001,B001,hospital,2026-02-19,14,15.4,15.4,27.6,12.2,LOW,0.0,1.2,35.3
SEN_001,B001,hospital,2026-02-20,13,15.3,15.3,26.0,10.7,LOW,0.0,0.5,34.5
SEN_001,B001,hospital,2026-02-21,12,17.9,17.9,28.6,10.7,LOW,0.0,0.0,11.5
SEN_001,B001,hospital,2026-02-22,11,16.5,16.5,28.1,11.5,LOW,0.0,0.3,23.7
SEN_001,B001,hospital,2026-02-23,10,21.2,21.2,29.5,8.3,LOW,0.0,0.0,0.2
SEN_001,B001,hospital,2026-02-24,9,18.6,18.6,32.6,14.0,LOW,0.0,0.3,14.0
SEN_001,B001,hospital,2026-02-25,8,17.9,17.9,33.0,15.1,LOW,0.1,0.9,19.8
SEN_001,B001,hospital,2026-02-26,7,16.9,16.9,33.1,16.2,LOW,0.2,2.2,27.8
SEN_001,B001,hospital,2026-02-27,6,17.7,17.7,32.4,14.7,LOW,0.1,0.8,20.4
SEN_001,B001,hospital,2026-02-28,5,16.3,16.3,29.8,13.4,LOW,0.1,1.1,28.6
SEN_001,B001,hospital,2026-03-01,4,17.3,17.3,32.5,15.2,LOW,0.1,1.3,23.8
SEN_001,B001,hospital,2026-03-02,3,15.7,15.7,35.3,19.6,LOW,1.7,7.2,38.8
SEN_001,B001,hospital,2026-03-03,2,19.1,19.1,31.9,12.8,LOW,0.0,0.1,9.5
SEN_001,B001,hospital,2026-03-04,1,18.2,18.2,30.2,12.0,LOW,0.0,0.1,12.5
SEN_001,B001,hospital,2026-03-05,0,18.5,18.5,32.2,13.7,LOW,0.0,0.3,14.0
